article_id,stratum_sector,stratum_sentiment,predicted_sentiment_finbert,predicted_sector,predicted_risk_categories,predicted_evidence_sentence,finbert_confidence,p_positive,p_neutral,p_negative
rss-b7e0c926f4b69b1f,Healthcare,neutral,neutral,Healthcare,macro risk,"The San Antonio acquisition marks the third and fourth properties acquired through Big Sky Fund III since its launch in December 2025 SAN ANTONIO, July 09, 2026 (GLOBE NEWSWIRE) -- Big Sky Medical is pleased to announce the acquisition of RidgeWood Medical Center I & II, a premier two-building medical outpatient campus located in San Antonio, Texas.",0.602,0.382,0.602,0.016
rss-ddc07b7f6bef8402,Utilities,negative,negative,Utilities,macro risk,"The utility dropped its proposed residential rate increase to 11.6% from 18% after pushback, but hearings this week highlighted continued unease.",0.617,0.315,0.068,0.617
rss-f919edfebb5d4814,Real Estate,negative,negative,Real Estate,interest rate risk,A refinancing headwind and a leadership transition raise real questions about whether the premium valuation can hold.,0.68,0.051,0.27,0.68
rss-e0f7ec7e72acf301,Real Estate,positive,positive,Real Estate,macro risk,European bourses tracked evenly midday Wednesday after property stocks gained on a real estate secto European bourses tracked evenly midday Wednesday after property stocks gained on a real estate secto,0.816,0.816,0.054,0.13
rss-952647657710da30,Consumer Staples,positive,positive,Consumer Staples,macro risk,"inflation tops 4%, rate hike expectations rise and earnings estimates improve.",0.719,0.719,0.252,0.029
rss-f4a3a6deb2dd301f,Consumer Discretionary,neutral,neutral,Consumer Discretionary,macro risk,SpaceX (NASDAQ:SPCX) will make its Grok 4.,0.86,0.13,0.86,0.01
rss-71056dbccc274345,Consumer Discretionary,negative,negative,Consumer Discretionary,macro risk,"Micron stock is in a technical bear market, meaning it is more than 20% down from its recent closing high.",0.974,0.008,0.018,0.974
rss-5771a9e5766bd2c5,Technology,neutral,neutral,Technology,macro risk,"The company is taking a modular approach to designing these chips, anticipating that their needs will change as AI evolves rapidly by the time the chips are in production.",0.826,0.163,0.826,0.011
rss-0ba674750a6ff421,Utilities,positive,positive,Utilities,interest rate risk,Wednesday's Fed minutes showed a divided outlook on where interest rates are headed this year.,0.5,0.5,0.098,0.402
rss-8f14a0f9805c4d63,Unmapped,positive,positive,Unmapped,macro risk,"A Chinese company demonstrated controlled recovery of a rocket’s bottom portion, which is critical in helping to drive down launch costs.",0.918,0.918,0.063,0.019
rss-a068954cb72c2a22,Financials,negative,negative,Financials,macro risk,Citi cut the price target on Noble Corporation plc (NYSE:NE) to $45 from $52 on June 30 and maintained a Neutral rating on the shares.,0.401,0.24,0.36,0.401
rss-f1c70eb9239aa361,Materials,neutral,neutral,Materials,commodity risk,"The AI trade almost nobody talks about is the copper that moves electrons from a substation to a GPU rack, and the Global X Copper Miners ETF (NYSE:COPX) is the cleanest liquid vehicle for owning it.",0.906,0.033,0.906,0.061
rss-bcbad0266166cbd0,Financials,neutral,neutral,Financials,valuation risk,listing will close a valuation gap with peer Micron Technology.,0.483,0.413,0.483,0.104
rss-5ceae483662bf5ad,Consumer Discretionary,positive,positive,Consumer Discretionary,macro risk,"Nike’s turnaround is showing signs of progress, but not enough for Wall Street to call it a clean comeback.",0.605,0.605,0.129,0.266
rss-099d98f9ed5f0212,Financials,positive,positive,Financials,interest rate risk,The asset manager shifts toward higher-yielding currencies while expecting South Korea's won to outperform into 2027.,0.784,0.784,0.046,0.169
rss-a8b2b206b83eef17,Healthcare,positive,positive,Healthcare,macro risk,"Before the share price caught on, the drugmaker was dealing with a problem most companies only dream of, and it was the clearest sign a surge was building.",0.54,0.54,0.177,0.283
rss-1c382580f9b2b849,Industrials,negative,negative,Industrials,macro risk,A Wall Street downgrade of Siemens Energy has sparked a sell of in shares of power generation equipment providers.,0.96,0.015,0.026,0.96
rss-c3422614e6c8d6b5,Energy,positive,positive,Energy,macro risk,"Sustainability trends and regional dominance, particularly in North America, further drive growth.",0.604,0.604,0.384,0.011
rss-9c5f4230ba908de9,Industrials,positive,positive,Industrials,macro risk,"Known internally as the North Line, the facility forms part of Boeing’s long-term plan to increase output of its best-selling narrow-body aircraft as airlines continue to place strong orders amid sustained global demand.",0.931,0.931,0.058,0.011
rss-c96ca688c0ea99c1,Materials,negative,negative,Materials,macro risk,"European equities traded in the US as American depositary receipts were lower late Tuesday morning, European equities traded in the US as American depositary receipts were lower late Tuesday morning,",0.955,0.028,0.018,0.955
rss-bcdb07ab8c38074b,Consumer Staples,negative,negative,Consumer Staples,macro risk,"A plant closure not only changes a company’s manufacturing map but also reshapes the local job picture in a single city, especially when the facility has operated as part of a larger food or beverage production network.",0.867,0.061,0.072,0.867
rss-592597de5fa4a6bc,Industrials,neutral,neutral,Industrials,valuation risk,"Both ride aerospace tailwinds, but their balance sheets and valuations tell very different stories.",0.842,0.09,0.842,0.068
rss-9e97eb2bf9c21535,Utilities,neutral,neutral,Utilities,macro risk,"ET on Tuesday, Aug.",0.933,0.033,0.933,0.034
rss-de1ed0cba57e6943,Technology,positive,positive,Technology,macro risk,Marvell Technology's five AI infrastructure growth engines underpin plans for 40% revenue growth in fiscal 2027 and 45% in fiscal 2028.,0.853,0.853,0.136,0.011
rss-58be06a46f3ff671,Consumer Staples,neutral,neutral,Consumer Staples,macro risk,"Why Costco Shares Are Stuck Despite Blowout Fundamentals Q3 FY2026 revenue hit $70.527 billion, up 11.6% ...",0.514,0.455,0.514,0.032
rss-2c66b0ce96252676,Communication Services,negative,negative,Communication Services,macro risk,OUSD could represent an existential threat to USDC.,0.481,0.091,0.428,0.481
rss-d520243c73b1f377,Healthcare,negative,negative,Healthcare,macro risk,AstraZeneca stock crashed Thursday after its Ionis-partnered treatment for a rare heart disease failed in Phase 3 testing.,0.958,0.022,0.02,0.958
rss-206e0a6efac5db1a,Unmapped,negative,negative,Unmapped,macro risk,Now I’m 89 and down to $2 million.,0.655,0.026,0.319,0.655
rss-823c4e140ffef075,Unmapped,neutral,neutral,Unmapped,macro risk,But that could sink your retirement plans.,0.525,0.067,0.525,0.408
rss-d1d31a1f87dc9b67,Technology,negative,negative,Technology,macro risk,"Microsoft is cutting jobs in its commercial business and its Xbox gaming group, where revenue has been shrinking.",0.973,0.007,0.02,0.973
rss-880a523cd9ef0a14,Energy,neutral,neutral,Energy,macro risk,ExxonMobil vs.,0.808,0.156,0.808,0.036
rss-0a1013b1b0b40a48,Materials,positive,positive,Materials,liquidity risk,DOW's strong liquidity and cash flow support growth investments and shareholder returns as rising EPS estimates add to the outlook.,0.863,0.863,0.114,0.023
rss-b6afc8404c7041d7,Energy,negative,negative,Energy,commodity risk,"Crude oil has fallen sharply from its spring highs, yet many drivers are still paying far more at the pump than they were expecting.",0.598,0.063,0.339,0.598
rss-7c184eed8ee3a861,Communication Services,neutral,neutral,Communication Services,macro risk,"Likewise, the company’s bet on the new structure has not borne fruit.",0.762,0.18,0.762,0.058
rss-7e3684bbc3d28c22,Communication Services,positive,positive,Communication Services,earnings risk,"iHeartMedia (NASDAQ:IHRT)'s second-quarter results are expected to come in largely in line with company guidance, Bank of America said in a note that highlighted an expanding partnership with Netflix as a bright spot for the audio company.",0.863,0.863,0.089,0.048
rss-03eda8d893e7bb08,Real Estate,neutral,neutral,Real Estate,liquidity risk,"SPG benefits from strong leasing, redevelopment and liquidity, but debt and e-commerce remain key risks.",0.563,0.394,0.563,0.042
rss-3a5b6af6e7fa1855,Healthcare,neutral,neutral,Healthcare,macro risk,"While this suggests attractive upside potential, it’s important to remain skeptical because analysts face institutional pressures that can sometimes lead to overly optimistic forecasts.",0.58,0.077,0.58,0.343
rss-66e80b93b45a4aa0,Utilities,negative,negative,Utilities,macro risk,"Energy stocks were lower late Monday afternoon, with the NYSE Energy Sector Index decreasing 0.2% an Energy stocks were lower late Monday afternoon, with the NYSE Energy Sector Index decreasing 0.2% an",0.974,0.009,0.017,0.974
rss-0aab4fb0b95f245f,Real Estate,negative,negative,Real Estate,interest rate risk,"The 10-year Treasury yield sits at 4%, down from a May peak of 5%, while the 2026 Social Security COLA came in at just 3%.",0.496,0.405,0.099,0.496
rss-c3934b10489a1f6a,Real Estate,positive,positive,Real Estate,macro risk,The monthly dividend company offers reliable passive income.,0.496,0.496,0.479,0.024
rss-028a5b2119515a3e,Consumer Staples,positive,positive,Consumer Staples,macro risk,"Procter & Gamble and Progressive are among the stocks that could rise after reporting earnings, according to Citi strategist Scott Chronert.",0.907,0.907,0.071,0.022
rss-29655a42d2837d30,Consumer Discretionary,neutral,neutral,Consumer Discretionary,interest rate risk,Don't fall into a high-yield trap.,0.813,0.138,0.813,0.049
rss-655de062a5ede171,Consumer Discretionary,negative,negative,Consumer Discretionary,macro risk,"Days later, a convenience store chain filed a federal lawsuit trying to block one of Nike’s biggest sneaker launches of the summer.",0.656,0.035,0.309,0.656
rss-c19e6a32783c908e,Technology,neutral,neutral,Technology,macro risk,Should You Be Worried?,0.83,0.055,0.83,0.115
rss-10e515e39b989239,Utilities,positive,positive,Utilities,macro risk,"NEE's $94.1 billion-plus capital plan through 2030 aims to expand FPL, renewables and storage while supporting long-term growth.",0.829,0.829,0.162,0.009
rss-c407e7945c51cf95,Unmapped,positive,positive,Unmapped,macro risk,"states performed over 20 years of Top States for Business Across 20 years of CNBC's America's Top States for Business rankings, some states have proven to be consistent winners, and others to be perennial dogs.",0.634,0.634,0.343,0.024
rss-d30ab4989cf8bb14,Financials,negative,negative,Financials,macro risk,Demand has been patchy.,0.674,0.117,0.209,0.674
rss-adad0139d8011afc,Materials,neutral,neutral,Materials,commodity risk,"Market One delivers content creation and distribution through a suite of products across video, editorial, and social media.Visionary Copper and Gold Mines Inc.: Advancing Its Pt.",0.89,0.097,0.89,0.013
rss-35bef88bc31d0c3d,Financials,neutral,neutral,Financials,macro risk,that it has crossed the legal threshold of 3% for the direct voting rights and equivalent financial instruments upwards on 29 June 2026.,0.905,0.076,0.905,0.019
rss-20630ff7b65cf40f,Consumer Discretionary,positive,positive,Consumer Discretionary,valuation risk,"Wall Street’s generally warm reception for SpaceX—the stock, while off post-IPO highs, remains above its IPO price, and Street analysts are broadly enthusiastic—has spilled over to companies that have some association with the company.",0.94,0.94,0.041,0.02
rss-d4859843f37ed035,Financials,positive,positive,Financials,macro risk,"LONDON, July 08, 2026--Citi has advised StepStone Group, a leading global private markets investment firm, on the structuring and placement of the largest structured solutions vehicle of its kind to date, resulting in $3.3 billion in commitments to invest predominantly in private market secondaries.",0.844,0.844,0.148,0.008
rss-f0c0c33792d287fc,Healthcare,positive,positive,Healthcare,macro risk,"Johnson & Johnson (JNJ) closed at $263.4 in the latest trading session, marking a -1.44% move from the prior day.",0.524,0.524,0.018,0.457
rss-e6f0044899de7af6,Industrials,negative,negative,Industrials,macro risk,"Investing.com -- Federal Aviation Administration workers cannot purchase or own shares in SpaceX following the company's public debut earlier this month, Politico reported Tuesday citing an internal agency document.",0.638,0.018,0.344,0.638
rss-b0035e5ce4bd35c5,Energy,positive,positive,Energy,credit risk,"Occidental's robust proved reserves, strong reserve replacement and diversified assets support production visibility, cash flow resilience and long-term returns.",0.948,0.948,0.04,0.012
rss-d969537197d40c17,Industrials,positive,positive,Industrials,macro risk,"These governance and capital-return moves arrive as GE Aerospace highlights its GE9X engine and expands partnerships such as its silicon carbide agreement with Wolfspeed,...",0.491,0.491,0.46,0.049
rss-7562a17a8fcba85d,Materials,negative,negative,Materials,earnings risk,"Away from capital returns, the company’s decision to lower its 2026 production outlook due to Grasberg mine delays highlights how operational execution risk can directly influence...",0.484,0.037,0.479,0.484
rss-7c3d14a7fcfbd68c,Consumer Staples,negative,negative,Consumer Staples,macro risk,Because It Had ‘Little Room for Error’ Costco shares fell on Thursday after the retailer’s June sales fell slightly short of Wall Street’s high expectations.,0.911,0.011,0.078,0.911
rss-0bed7b25a1e96466,Industrials,neutral,neutral,Industrials,macro risk,"With its stock soaring and aviation tailwinds intact, all eyes are on GE Aerospace's July 16 earnings report.",0.712,0.057,0.712,0.23
rss-436dc981568d4018,Utilities,neutral,neutral,Utilities,macro risk,On June […] Duke Energy Corporation (NYSE:DUK) is included among the 12 Best Utility Stocks to Buy Now According to Hedge Funds.,0.859,0.099,0.859,0.042
rss-272f7e861c665c95,Technology,positive,positive,Technology,macro risk,Microsoft Corporation (NASDAQ:MSFT) is one of the top stocks to buy according to Whale Rock Capital Management.,0.778,0.778,0.214,0.008
rss-dba3199e43519681,Consumer Staples,neutral,neutral,Consumer Staples,commodity risk,"Oil prices (CL=F, BZ=F) are spiking again after President Trump said that the US-Iran ceasefire is ""over."" WTI crude has crossed back above $70 per barrel while Brent crude re-approaches the $80 benchmark.",0.412,0.211,0.412,0.377
rss-876fb4c58656973e,Communication Services,negative,negative,Communication Services,macro risk,"After a steep pullback, this telecom giant looks cheap, but the market's discount could be a warning sign about the business itself.",0.793,0.16,0.046,0.793
rss-2971046c8536b4c5,Healthcare,negative,negative,Healthcare,macro risk,"The healthcare giant raised its outlook for the year, yet the market is holding back its reward, creating a tense waiting game for investors.",0.956,0.01,0.034,0.956
rss-1513f7e73c2ca9b1,Unmapped,negative,negative,Unmapped,macro risk,"Beshear as Senate vacancy questions grow McConnell, the former longtime Senate leader who declined to seek an eighth term following a series of health scares, was admitted to a hospital on June 14.",0.775,0.027,0.198,0.775
rss-1a33d20b1764a60c,Unmapped,neutral,neutral,Unmapped,macro risk,"Here’s who is eligible for $1,000 in free money — and how to sign up.",0.936,0.046,0.936,0.018
rss-53a625b259400415,Technology,negative,negative,Technology,macro risk,China said specific versions of Claude Code posed back-door vulnerabilities that could send sensitive information to a remote server.,0.763,0.023,0.213,0.763
rss-3f887dd363410eab,Energy,neutral,neutral,Energy,liquidity risk,"completed a US$300,000,000 offering of 6.5% convertible notes due 2031 and a US$100,000,002 follow-on common stock sale at US$3.08 per share, both aimed at refinancing its senior secured term loan with Exxon Mobil.",0.525,0.246,0.525,0.229
rss-b600786091aa6fda,Materials,positive,positive,Materials,liquidity risk,"The company, co-founded by mining financier ⁠Robert Friedland and Chief Technology Officer Laurent Frescaline, said the funding would help ​develop high-performance ​silicon-carbide semiconductor components ​used in pulsed-power ‌systems.",0.761,0.761,0.228,0.011
rss-b00c3b437012aa9c,Energy,negative,negative,Energy,commodity risk,"A number of stocks fell in the afternoon session after crude oil dropped to its lowest level since the start of the Iran war, as tankers resumed transit through the Strait of Hormuz and the U.S.",0.527,0.428,0.046,0.527
rss-fc99e5fc2afdce09,Communication Services,neutral,neutral,Communication Services,macro risk,An ar,0.943,0.028,0.943,0.029
rss-2199f7c18433baa2,Communication Services,positive,positive,Communication Services,macro risk,"Revenue of $109.90 billion was up 21.8% year over year, cloud grew 63%, and CEO Sundar Pichai declared that “our AI investments and full stack approach are driving performance across our business.” Shares sit at $364.90 after a 16.43% YTD ...",0.49,0.49,0.406,0.104
rss-81955c71a2012829,Real Estate,neutral,neutral,Real Estate,interest rate risk,"With an annual dividend yield of 4.06%, Simon Property Group, Inc.",0.835,0.146,0.835,0.019
rss-2ece5ace4c2d0a2c,Healthcare,neutral,neutral,Healthcare,macro risk,"On June 24, the US Food and Drug Administration approved the use of Pfizer Inc.",0.615,0.351,0.615,0.034
rss-6065c0ca067e4299,Utilities,negative,negative,Utilities,valuation risk,"The Dividend Discount Model (DDM) suggests the shares trade at a premium to their intrinsic value, while the market multiples lean the other way.",0.423,0.214,0.363,0.423
rss-481eee322e6bbadf,Real Estate,negative,negative,Real Estate,macro risk,British warehouse business Segro has rebuffed a £12.6bn takeover approach from US rival Prologis as landlords invest billions to meet booming demand for AI data centres.,0.805,0.155,0.04,0.805
rss-4dc51a34aeffe80b,Real Estate,positive,positive,Real Estate,macro risk,"O extends its dividend streak with its 673rd monthly payout, backed by strong occupancy, portfolio growth and strategic investments.",0.898,0.898,0.083,0.02
rss-945ebd158ac90ad8,Consumer Staples,positive,positive,Consumer Staples,earnings risk,"Analysts expect tariff refunds and lower fuel costs to offset the discounts, leaving Walmart's profit guidance intact.",0.929,0.929,0.018,0.053
rss-f328cc5bb729599d,Consumer Discretionary,neutral,neutral,Consumer Discretionary,interest rate risk,"The stock offers a high yield, but it comes with risks.",0.641,0.06,0.641,0.299
rss-d97b33e2ac9f89e5,Consumer Discretionary,negative,negative,Consumer Discretionary,earnings risk,"Shares trade at $324.45 after slipping 4.3% year to date, while management just reaffirmed full-year guidance and pushed comparable sales back into positive territory.",0.513,0.108,0.379,0.513
rss-a1b92ddc8bc93970,Technology,neutral,neutral,Technology,macro risk,Creative Strategies senior analyst Austin Lyons comes on Market Domination to break down where SK Hynix fits into fulfilling demand for high-bandwidth memory (HBM) and dynamic random-access memory (DRAM) chips.,0.739,0.251,0.739,0.009
rss-3faa0275d4da7e0e,Utilities,positive,positive,Utilities,macro risk,"In the most recent trading session, Duke Energy (DUK) closed at $128.4, indicating a +1.01% shift from the previous trading day.",0.832,0.832,0.024,0.143
rss-45bc6e0197eb4721,Unmapped,positive,positive,Unmapped,macro risk,"Kraken is rebuilding its app around agentic trading, the company told CNBC exclusively.",0.917,0.917,0.068,0.015
rss-6d43366e624946ac,Financials,negative,negative,Financials,macro risk,"(Bloomberg) -- The options market is sending a bearish signal on the yen, with interest-rate differentials remaining firmly in favor of the dollar and the Japanese authorities avoiding intervention for now.Most Read from BloombergOil, Gas Tankers Cross Hormuz Via Oman-Side Route After U-TurnsGreece Offers Bounty to Catch Ravenous Fish Lured by Warming SeaThe Supertanker Tycoon Making Millions on Hormuz Shuttle RunsModi’s Flagship Biofuel Push Faces Backlash From MotoristsOil’s Supply Wave, Tumbl (Bloomberg) -- The options market is sending a bearish signal on the yen, with interest-rate differentials remaining firmly in favor of the dollar and the Japanese authorities avoiding intervention for now.Most Read from BloombergOil, Gas Tankers Cross Hormuz Via Oman-Side Route After U-TurnsGreece Offers Bounty to Catch Ravenous Fish Lured by Warming SeaThe Supertanker Tycoon Making Millions on Hormuz Shuttle RunsModi’s Flagship Biofuel Push Faces Backlash From MotoristsOil’s Supply Wave, Tumbl",0.618,0.228,0.155,0.618
rss-85d8bdac1dd36143,Materials,neutral,neutral,Materials,macro risk,"(DOW) Stock Sinks As Market Gains: Here's Why In the latest trading session, Dow Inc.",0.386,0.382,0.386,0.233
rss-d7c100eda070d499,Financials,neutral,neutral,Financials,macro risk,These 4 ETFs are great options for long-term investors.,0.626,0.364,0.626,0.009
rss-1e964cd3f63e25b0,Consumer Discretionary,positive,positive,Consumer Discretionary,macro risk,"The global market for portable DC fast chargers is set to experience significant growth, driven by increasing adoption of electric vehicles (EVs) and the demand for flexible charging solutions in remote or underserved areas.",0.645,0.645,0.344,0.011
rss-a22ff690182977e3,Financials,positive,positive,Financials,valuation risk,"SambaNova raised $1bn as part of a Series F round, giving it a post-money valuation of $11bn.",0.693,0.693,0.3,0.007
rss-87628b325185c38b,Healthcare,positive,positive,Healthcare,macro risk,"Earnings optimism, AI demand, and healthcare momentum drove gains.",0.678,0.678,0.294,0.028
rss-3a08503ed052b47b,Industrials,negative,negative,Industrials,macro risk,"GE Vernova (GEV) reached $1 at the closing of the latest trading day, reflecting a -6.51% change compared to its last close.",0.491,0.488,0.022,0.491
rss-99d75ad6f864fa36,Energy,positive,positive,Energy,macro risk,Companies with high margins have proven they can generate consistent earnings while maintaining financial discipline.,0.729,0.729,0.258,0.013
rss-94ab24dc1f2f1899,Industrials,positive,positive,Industrials,macro risk,"For investors tracking Boeing (NYSE:BA), this cargo deal with China Southern Airlines reopens a key commercial channel in the world's second largest aviation market.",0.603,0.603,0.29,0.107
rss-00b854a9717e2c75,Materials,negative,negative,Materials,commodity risk,"BHP Group (ASX:BHP) is in the spotlight after a series of leadership changes, capped by the retirement of Executive Director Mike Henry on June 30, 2026, and a reshaped executive team.",0.389,0.296,0.315,0.389
rss-7b5918e4226059e3,Consumer Staples,negative,negative,Consumer Staples,valuation risk,"Then Tuesday came around, and that rally fizzled out.",0.574,0.203,0.223,0.574
rss-7f3571ae4a9ef8e5,Industrials,neutral,neutral,Industrials,macro risk,Michael Burry of The Big Short fame has been making quite a few bearish bets across many of the pricier-looking names fitting the AI theme.,0.788,0.093,0.788,0.12
rss-dc3e9435e3d938c4,Utilities,neutral,neutral,Utilities,macro risk,"As previously communicated, the company will make NextEra Energy, Inc.",0.946,0.036,0.946,0.019
rss-78241d9d53cd7fd9,Technology,positive,positive,Technology,macro risk,Shares of several chipmakers and memory companies are higher Monday as the AI trade continues to bounce back from a recent sell-off.,0.936,0.936,0.029,0.035
rss-3d50273bcfe4cf3c,Consumer Staples,neutral,neutral,Consumer Staples,interest rate risk,"Gross salary can overstate the target because it includes payroll taxes, retirement contributions, and expenses ...",0.575,0.108,0.575,0.317
rss-6ff4baa8bce0ce73,Communication Services,negative,negative,Communication Services,macro risk,BofA Says Meta's Biggest AI Win Isn't Its New Model.,0.504,0.37,0.126,0.504
rss-0ad53c13230e3d91,Healthcare,negative,negative,Healthcare,macro risk,Merck cited business reasons for the discontinuation of the investigational drug.,0.87,0.012,0.118,0.87
rss-cfaee7e08a0c4509,Unmapped,negative,negative,Unmapped,macro risk,They’re a poor deal for most other people.,0.748,0.024,0.229,0.748
rss-3962683b723f13e2,Unmapped,neutral,neutral,Unmapped,macro risk,A stable job and a nice home have become less accessible to young Americans.,0.6,0.096,0.6,0.305
rss-45558857cf96b0f6,Technology,negative,negative,Technology,macro risk,Broadcom stock has dipped 22% over the past month.,0.699,0.242,0.059,0.699
rss-ed42c8974aad2c52,Energy,neutral,neutral,Energy,geopolitical risk,There is one important lesson from the geopolitical conflict in the Middle East: Energy is still vital to the world.,0.704,0.274,0.704,0.023
rss-96f5eb36255edf50,Materials,positive,positive,Materials,macro risk,"Since arriving at Jimblebar late last year, the vehicles have accumulated more than 100 operating hours and completed 200 test laps.",0.707,0.707,0.28,0.014
rss-b458b2ee4e68519c,Energy,negative,negative,Energy,commodity risk,"The earnings surge is intensifying political pressure, with President Trump demanding gasoline prices fall to $2.25–$2.50 per gallon and launching price-gouging investigations despite industry claims that pump prices lag crude price declines.",0.943,0.018,0.039,0.943
rss-64ebd46f05b3b16b,Communication Services,neutral,neutral,Communication Services,macro risk,Everyone has forgotten about something they bought.,0.79,0.039,0.79,0.171
rss-b30dd4779ffdb980,Communication Services,positive,positive,Communication Services,valuation risk,"(Bloomberg) -- Currency traders are starting to buy protection against bigger exchange-rate swings after months of calm, as banks warn that shifting Federal Reserve expectations and elevated geopolitical tensions could be about to jolt markets.Most Read from BloombergMicrosoft’s Xbox to Shift Obsidian Studio to New ‘Fallout’ Video GameNvidia’s $1 Trillion Slide Sends Valuation to Pre-AI Boom LevelsZuckerberg Pledges ‘Aggressive’ Pricing With Meta’s First Pay-to-Use AITrump Vents Anger With Iran.",0.632,0.632,0.234,0.134
rss-159897e9c7ee5303,Real Estate,neutral,neutral,Real Estate,macro risk,"whose parent is Dimensional Fund Advisors LP, and also on behalf their investment advisory affiliates (“Dimensional”).",0.949,0.033,0.949,0.018
rss-002d80a6a852db15,Healthcare,neutral,neutral,Healthcare,valuation risk,"Drug pricing reform, patent cliffs and post-COVID-19 hangovers have crushed multiples across Big Pharma, but the wreckage has created opportunities in two cash-generative franchises trading at single-digit forward earnings multiples.",0.571,0.363,0.571,0.065
rss-1d7799b4365e289f,Real Estate,negative,negative,Real Estate,macro risk,"Meanwhile, revenue and FFO pressures linger.",0.405,0.394,0.201,0.405
rss-b09dc3996b115192,Real Estate,positive,positive,Real Estate,macro risk,"The combination of soccer-themed fan activations, traveling experiential installations, and expanded in-store promotions at 90 adidas retail locations underscores Simon’s push to turn its...",0.662,0.662,0.329,0.009
rss-60f8653d8b67013f,Consumer Staples,positive,positive,Consumer Staples,macro risk,"Walmart deepens Sam's Club's wellness offering with Weight Watchers perks aimed at boosting engagement, renewals and recurring membership revenue.",0.788,0.788,0.203,0.009
rss-2489a94e271d5a8e,Consumer Discretionary,neutral,neutral,Consumer Discretionary,macro risk,"Adidas: Here’s Who’s Winning the World Cup Sales Race From marketing to product, the competition is fierce.",0.757,0.142,0.757,0.101
rss-65c4ae74412bb30b,Consumer Discretionary,negative,negative,Consumer Discretionary,macro risk,But one of them carries hidden risks that could quietly wreck an income portfolio.,0.729,0.023,0.248,0.729
rss-d4111622ff3f5e88,Technology,neutral,neutral,Technology,macro risk,"The task force will ""survey the pace, the reach [and] the economic impact of new general-purpose technologies, including AI."" The task force will ""survey the pace, the reach [and] the economic impact of new general-purpose technologies, including AI.""",0.911,0.031,0.911,0.058
rss-2be915e532858e56,Utilities,positive,positive,Utilities,macro risk,"DUK's $103B investment plan targets grid upgrades, new generation and rising power demand while supporting long-term earnings growth and dividends.",0.818,0.818,0.173,0.008
rss-60d3fbfd9d897476,Unmapped,positive,positive,Unmapped,macro risk,The deal for Full Swing will expand Versant's nontraditional media assets in an effort to diversify revenue from cable television.,0.906,0.906,0.086,0.008
rss-c08417e7fee3b247,Financials,negative,negative,Financials,valuation risk,"Goldman Sachs Group stock has surged over the last few years, yet the current checks suggest it is no longer clearly cheap, with the Excess Returns intrinsic value estimate pointing to a premium to the market price while the earnings multiples look roughly in line with peers.",0.509,0.401,0.09,0.509
rss-51ce10a1976957cf,Materials,neutral,neutral,Materials,macro risk,"And right now, there’s one question on every investor’s tongue as a new wave of trillion-dollar tech IPOs hits the public markets.",0.863,0.069,0.863,0.069
rss-e62a946847536b5f,Financials,neutral,neutral,Financials,macro risk,"Physical AI has moved from promise to commercial reality, but deploying robots at scale remains the industry's central challenge, according to Citi.",0.836,0.15,0.836,0.014
rss-5cbd3c0b0b86dbc2,Consumer Discretionary,positive,positive,Consumer Discretionary,valuation risk,US automakers are looking to stabilize and rally into the weekend.,0.935,0.935,0.033,0.033
rss-7159d4b32846ff32,Financials,positive,positive,Financials,macro risk,"JPM, BAC, C and WFC kick off Q2 bank earnings on July 14 as rising estimates and loan growth keep investors focused on the reporting season.",0.563,0.563,0.068,0.369
rss-dfd471bb340c23e8,Healthcare,positive,positive,Healthcare,regulatory risk,Regulatory authorities in the EU also cleared additional KEYTRUDA combinations in early-stage oncology settings.,0.63,0.63,0.353,0.017
rss-289438c6ac607ba1,Industrials,negative,negative,Industrials,macro risk,AI stocks fall with South Korean memory-chip maker Samsung Electronics setting the tone for the broader market.,0.954,0.015,0.03,0.954
rss-1797b4632bab0f0e,Energy,positive,positive,Energy,macro risk,"The firm’s price target reflects 32% upside from current levels, which sits just […] Exxon Mobil Corporation (NYSE:XOM) is one of the 10 Best Major Stocks to Buy According to Analysts.",0.48,0.48,0.46,0.06
rss-bb364e11fe7fea80,Industrials,positive,positive,Industrials,macro risk,GE (GE) has an impressive earnings surprise history and currently possesses the right combination of the two key ingredients for a likely beat in its next quarterly report.,0.913,0.913,0.074,0.013
rss-0c102922f137be6b,Materials,negative,negative,Materials,macro risk,European equities traded in the US as American depositary receipts were tracking sharply lower late European equities traded in the US as American depositary receipts were tracking sharply lower late,0.963,0.026,0.012,0.963
rss-271ee1ce2556b08f,Consumer Staples,negative,negative,Consumer Staples,macro risk,Walmart (NYSE: WMT) announced it is dropping prices on thousands of items it sells in its stores.,0.523,0.114,0.363,0.523
rss-d1f68bff5db0d640,Industrials,neutral,neutral,Industrials,macro risk,These calls stand out because analysts rarely issue grim ratings on companies for fear their firms will lose out in other business lines such as M&A advisory.,0.537,0.036,0.537,0.427
rss-98fb8563fda3c02e,Utilities,neutral,neutral,Utilities,macro risk,"The utility is standing out in a down market, but its real value to your portfolio is a story that's been years in the making.",0.882,0.086,0.882,0.032
rss-7ed572e2b1325ad5,Technology,positive,positive,Technology,macro risk,Broadcom on Monday disclosed a five-year deal to supply custom processors to consumer electronics giant Apple.,0.754,0.754,0.191,0.054
rss-9f8bc9130e05c3f3,Consumer Staples,neutral,neutral,Consumer Staples,macro risk,"The better question is which income stream can hold up after inflation, market cycles, and years ...",0.651,0.136,0.651,0.213
rss-eec67363181a3253,Communication Services,negative,negative,Communication Services,macro risk,Yahoo Finance Tech Editor Dan Howley discusses OpenAI Product and Business Chief Fidji Simo stepping down from her role due to ongoing medical issues.,0.832,0.011,0.157,0.832
rss-136cf38cb30207a7,Healthcare,negative,negative,Healthcare,valuation risk,"Pfizer stock is trading in a range where recent returns have been weak over three years, yet the broader valuation checks still lean cheap and suggest the current share price may not fully reflect the company’s fundamentals.",0.676,0.193,0.131,0.676
rss-2a5e1f01200de0ce,Unmapped,negative,negative,Unmapped,macro risk,"states are the most expensive places to live in America in 2026, with inflation punishing residents to an extreme degree.",0.663,0.045,0.292,0.663
rss-b6deae5783712afa,Unmapped,neutral,neutral,Unmapped,macro risk,Trump rang the bell in the Oval Office to open Monday's trading as he launched investment accounts for babies born from 2025 through 2028.,0.867,0.116,0.867,0.017
rss-974f8c5cbbb20b24,Technology,negative,negative,Technology,valuation risk,Jim Cramer is furious that investors keep dumping one of the most proprietary chip companies ever built while rewarding a commodity memory stock with a higher forward multiple.,0.525,0.032,0.443,0.525
rss-5e0d0bd29ad0c69c,Energy,neutral,neutral,Energy,interest rate risk,"With an annual dividend yield of 4.21%, Chevron Corporation (NYSE:CVX) is included among the 14 Best Blue Chip Dividend Stocks to Buy According to Hedge Funds.",0.834,0.133,0.834,0.033
rss-717da262e41b195d,Materials,positive,positive,Materials,macro risk,Freeport-McMoRan (FCX) has an impressive earnings surprise history and currently possesses the right combination of the two key ingredients for a likely beat in its next quarterly report.,0.848,0.848,0.139,0.013
rss-9041784a8cc80d96,Energy,negative,negative,Energy,commodity risk,"A number of stocks fell in the afternoon session after crude oil dropped to its lowest level since the start of the Iran war, as tankers resumed transit through the Strait of Hormuz and the U.S.",0.526,0.428,0.046,0.526
rss-b626d098fa6d35ec,Communication Services,neutral,neutral,Communication Services,macro risk,"Recently, Zacks.com users have been paying close attention to Verizon (VZ).",0.839,0.149,0.839,0.012
rss-bdb84457e8096d5c,Communication Services,positive,positive,Communication Services,macro risk,"Aduna, a leading global provider of standardized network APIs, today announced a major leap forward in digital security designed to reduce fraud across the U.S.",0.599,0.599,0.389,0.012
rss-ea4e7d63b2915291,Real Estate,neutral,neutral,Real Estate,macro risk,"O expands into data centers with a new joint venture, targeting hyperscale assets and up to $1.4B in investments across the U.S.",0.615,0.368,0.615,0.017
rss-9825f695f6642a28,Healthcare,neutral,neutral,Healthcare,interest rate risk,"A $750,000 portfolio at a 5% yield produces $37,500 a year.",0.881,0.03,0.881,0.089
rss-628b2802f131ae36,Real Estate,negative,negative,Real Estate,interest rate risk,"The 10-year Treasury yield sits at 4%, down from its May 19 peak of 5%, and the Fed Funds upper bound has held at 4% for six months after two cuts in late 2025.",0.564,0.17,0.267,0.564
rss-d907bba425ccc433,Real Estate,positive,positive,Real Estate,macro risk,Prologis (PLD) has urged shareholders from the UK's SEGRO to encourage the company's board to engage Prologis (PLD) has urged shareholders from the UK's SEGRO to encourage the company's board to engage,0.761,0.761,0.227,0.012
rss-39b2e9fb80e42286,Consumer Staples,positive,positive,Consumer Staples,macro risk,This has proven to be one of the most resilient consumer brands in recent years.,0.85,0.85,0.141,0.009
rss-8d5565f51fb4c172,Consumer Discretionary,neutral,neutral,Consumer Discretionary,macro risk,Retail and cloud giant faces its next reinvention Retail and cloud giant faces its next reinvention,0.915,0.057,0.915,0.028
rss-aa92189934c5ab13,Consumer Discretionary,negative,negative,Consumer Discretionary,macro risk,Tesla stock skids despite strong quarterly deliveries.,0.616,0.358,0.025,0.616
rss-665c90d2a6db86e3,Technology,neutral,neutral,Technology,macro risk,Startup PrismML has gotten an artificial intelligence model running on an Apple (AAPL) iPhone 17 Pro Startup PrismML has gotten an artificial intelligence model running on an Apple (AAPL) iPhone 17 Pro,0.637,0.352,0.637,0.011
rss-d3f4c63be36268bf,Utilities,positive,positive,Utilities,valuation risk,"Southern has delivered a 91.7% return over the past 5 years, yet at around US$97.98 the stock now screens as about fairly priced on earnings multiples, while its broader valuation checks lean expensive rather than clearly cheap.",0.755,0.755,0.188,0.057
rss-7f9120d99382b267,Unmapped,positive,positive,Unmapped,macro risk,Morgan Stanley says the bull case for the rocket-launch stock is now much rosier as the company diversifies its business.,0.646,0.646,0.293,0.061
rss-c301d2507e315ee2,Financials,negative,negative,Financials,valuation risk,"(Bloomberg) -- The wave of AI-fueled earnings surprises that powered stocks in the last earning season will be tough to repeat, making it unlikely the results alone will spark a major rally, according to Christian Mueller-Glissmann.Most Read from BloombergTrump Says US Ceasefire With Iran Is ‘Over’ After StrikesGreece Offers Bounty to Catch Ravenous Fish Lured by Warming SeaUS Strikes Iran and Blocks Oil Sales in New Test of TruceChip Stocks Sink After Blistering Run as Oil Jumps: Markets WrapTw.",0.702,0.065,0.233,0.702
rss-aade0727715ccd9d,Materials,neutral,neutral,Materials,commodity risk,"copper industry is valued at around $20 billion, and is one of the key market indicators many market participants watch closely.",0.608,0.226,0.608,0.165
rss-cb49fc7374b697ae,Financials,neutral,neutral,Financials,macro risk,"On Wednesday, July 8, 2026, some of the highest CD rates are at 4% APY.",0.858,0.069,0.858,0.073
rss-f83248453ab6354a,Consumer Discretionary,positive,positive,Consumer Discretionary,macro risk,Tesla sales in Britain have rebounded sharply as a backlash against Elon Musk fades and petrol prices push more drivers to buy electric vehicles (EVs).,0.932,0.932,0.017,0.051
rss-182c501b417c5c4e,Financials,positive,positive,Financials,earnings risk,"Big Bank stocks should see investment banking and trading revenues exceed prior guidance, JPMorgan said Monday ahead of the group's earnings next week.",0.671,0.671,0.249,0.08
rss-e404752c85ebf943,Healthcare,positive,positive,Healthcare,valuation risk,"Merck shares recently pulled back, with a 1-day share price return declining 2.23% to close at US$125.99.",0.43,0.43,0.357,0.213
rss-c494fb64ad4cfb23,Industrials,negative,negative,Industrials,macro risk,"Yahoo Finance Markets and Data Editor Jared Blikre takes a closer look at the memory chip trade — particularly the intraday performances of Micron Technology (MU), SK Hynix (000660.KS), and Samsung (005930.KS) — as these three big names have seemingly dragged the sector into a bear market.",0.891,0.021,0.088,0.891
rss-8b58474201fc42e3,Energy,positive,positive,Energy,macro risk,The arrangement extends a relationship between Chevron and Alinta Energy that has spanned more than 40 years.,0.816,0.816,0.175,0.009
rss-6da045df5d2e1453,Industrials,positive,positive,Industrials,macro risk,Boeing is adding a new 737 MAX assembly line as part of a goal to lift output to 47 jets per month and beyond.,0.939,0.939,0.046,0.015
rss-50dc94fce0b23ae0,Materials,negative,negative,Materials,commodity risk,"Freeport-McMoRan reported output pressure at its Grasberg mine, a key copper asset, as global copper demand remains robust.",0.645,0.184,0.171,0.645
rss-708292dab5b2f376,Consumer Staples,negative,negative,Consumer Staples,macro risk,"In early July 2026, Walmart (NYSE:WMT) made headlines by revealing it would be trimming prices on a batch of grocery and household staples, including double-digit cuts on ground beef and price drops of more than a third on multipacks of Coca-Cola.",0.58,0.034,0.387,0.58
rss-84781e17821ecd3c,Industrials,neutral,neutral,Industrials,macro risk,One established materials supplier anchors aerospace demand; the other races to profitability through aggressive expansion.,0.505,0.48,0.505,0.015
rss-c338e283a78733ce,Utilities,neutral,neutral,Utilities,interest rate risk,"With an annual dividend yield of 3.20%, The Southern Company (NYSE:SO) is included among the 12 Best S&P 500 Stocks to Buy for Dividends.",0.807,0.161,0.807,0.031
rss-59e69d776043728f,Technology,positive,positive,Technology,regulatory risk,"The UK government has formally classified major cloud computing providers, including Microsoft (NASDAQ:MSFT), Google (NASDAQ:GOOG), Amazon (NASDAQ:AMZN) and Oracle (NYSE:ORCL), as critical third-party suppliers to the country’s financial services industry, subjecting them to direct regulatory supervision.",0.637,0.637,0.337,0.026
rss-84b0280cf8388dfe,Consumer Staples,neutral,neutral,Consumer Staples,interest rate risk,"A dividend portfolio can produce the same gross income without a time clock, but the required portfolio can range from about $151,000 to more than $500,000 depending on the yield.",0.74,0.049,0.74,0.211
rss-9a0b4459aa15fda1,Communication Services,negative,negative,Communication Services,geopolitical risk,(Updates with index/price moves and company/geopolitical news from the first paragraph.) US equit.,0.898,0.079,0.023,0.898
rss-56412675a9b56649,Healthcare,negative,negative,Healthcare,macro risk,"While Wall Street fixated on a gloomy forecast, the company was making a painful but telling choice that hinted at the turnaround to come.",0.715,0.068,0.217,0.715
rss-63a40eb5db5c1302,Unmapped,negative,negative,Unmapped,macro risk,Silver has plunged 50% from its January peak to $60.,0.729,0.029,0.242,0.729
rss-8739a5ac8ee8f0c5,Unmapped,neutral,neutral,Unmapped,macro risk,"Also: How young people buy homes, the Trump-account lowdown and three stock screens.",0.91,0.036,0.91,0.055
rss-2d0bbd2db8ebcc35,Technology,negative,negative,Technology,valuation risk,"For three years, the AI rally left Qualcomm behind.",0.44,0.146,0.414,0.44
rss-61200f442e66f3e4,Energy,neutral,neutral,Energy,earnings risk,"In late June 2026, Chevron Corporation was removed from the Russell 1000 Dynamic Index even as analysts highlighted strengthening fundamentals and project execution.",0.468,0.192,0.468,0.34
rss-af492ba6f8f7ca15,Materials,positive,positive,Materials,macro risk,"This mining stock has gained more than 42% over the past year, and analysts expect it to keep rising.",0.689,0.689,0.281,0.03
rss-5c81ac259b715fc5,Energy,negative,negative,Energy,macro risk,"Energy stocks were lower late Thursday afternoon, with the NYSE Energy Sector Index falling 1.2% and Energy stocks were lower late Thursday afternoon, with the NYSE Energy Sector Index falling 1.2% and",0.975,0.008,0.017,0.975
rss-eda7f022bfd25316,Communication Services,neutral,neutral,Communication Services,macro risk,The mandates include $30 billion in pension assets and $40 billion in Verizon defined-contribution retirement assets The mandates include $30 billion in pension assets and $40 billion in Verizon defined-contribution retirement assets,0.941,0.028,0.941,0.031
rss-326b1f093ebc18f4,Communication Services,positive,positive,Communication Services,macro risk,Tencent's 10-year Indonesia agreement supports its 2030 carbon neutrality goal as Google also expands carbon removal purchases.,0.9,0.9,0.092,0.008
rss-ada0aa542a0e7dd8,Real Estate,neutral,neutral,Real Estate,macro risk,"LONDON, July 06, 2026-- FORM 8.3 LONDON, July 06, 2026-- FORM 8.3",0.953,0.021,0.953,0.026
rss-db27a0bd3287b00c,Healthcare,neutral,neutral,Healthcare,macro risk,Healthcare stocks are attractive in a choppy market.,0.684,0.232,0.684,0.083
rss-e218eb3abcb175df,Real Estate,negative,negative,Real Estate,macro risk,"Pre-Market Stock Futures: Futures are trading lower as we get ready to start the third quarter after a record-setting second quarter that saw the Dow Jones Industrial Average close at 52,317, up 0.26% to finish the venerable index’s best first half since 2021, while the Nasdaq finished the session at 26,213, up 1.52% for the ...",0.658,0.022,0.32,0.658
rss-c9128118b5667e8b,Real Estate,positive,positive,Real Estate,macro risk,"Macerich's leasing pipeline to add roughly $116M in gross revenues and lift NOI through 2028, but leverage and tenant churn remain key hurdles.",0.921,0.921,0.033,0.046
rss-1bc08f92b264fb8d,Consumer Staples,positive,positive,Consumer Staples,macro risk,MNST is riding strong energy drink demand and product innovation to fuel growth while expanding its global footprint and market share.,0.76,0.76,0.232,0.008
rss-b613157adebff189,Consumer Discretionary,neutral,neutral,Consumer Discretionary,macro risk,"Together with a rapidly expanding Megapack order book and growing focus on AI and robotics, these moves highlight Tesla’s push to evolve from a pure EV manufacturer into a broader software, energy, and autonomous services platform.",0.531,0.449,0.531,0.02
rss-666307480815ca90,Consumer Discretionary,negative,negative,Consumer Discretionary,macro risk,"China's passenger-car sales fell 23.2%, while exports and Tesla's Shanghai deliveries helped offset domestic weakness.",0.919,0.065,0.015,0.919
rss-3771f22e4514c33a,Technology,neutral,neutral,Technology,macro risk,What can I do?,0.791,0.041,0.791,0.168
rss-1e855a639337b271,Utilities,positive,positive,Utilities,macro risk,Duke Energy Florida is delivering $50 million in customer savings in 2027.,0.891,0.891,0.098,0.011
rss-8e4213fae3205f64,Unmapped,positive,positive,Unmapped,valuation risk,"Anduril recently hit a $61 billion valuation, becoming one of the most highly valued private tech companies.",0.811,0.811,0.173,0.015
rss-dbe2ecfb2bed478c,Financials,negative,negative,Financials,commodity risk,"Goldman Sachs has reversed its recent bearish oil outlook, warning that renewed disruptions in the Strait of Hormuz could delay Middle Eastern production recovery and tighten global crude supplies.",0.966,0.013,0.02,0.966
rss-875389efbf190a06,Materials,neutral,neutral,Materials,macro risk,(FCX) is Attracting Investor Attention: Here is What You Should Know Freeport-McMoRan (FCX) has been one of the stocks most watched by Zacks.com users lately.,0.895,0.082,0.895,0.023
rss-128e168ba20178dd,Financials,neutral,neutral,Financials,macro risk,"AstraZeneca PLC (LSE:AZN, NASDAQ:AZN) has been kept on a 'buy' rating by Citi, which pointed to a run of late-stage drug trial results in the second half of the year as the key driver for the shares.",0.419,0.202,0.419,0.379
rss-7e43df0580f342fd,Consumer Discretionary,positive,positive,Consumer Discretionary,macro risk,"The global battery electric vehicle market is poised for robust growth driven by advancements in lithium-ion technology that enhance range and efficiency, supporting quicker adoption of cleaner mobility solutions.",0.702,0.702,0.287,0.011
rss-a0e884d22d8b1e29,Financials,positive,positive,Financials,macro risk,Can its growth initiatives support further upside from here?,0.534,0.534,0.435,0.032
rss-7f4bd597fc957a28,Healthcare,positive,positive,Healthcare,interest rate risk,"has outperformed the S&P 500 in 2026, rising 19% year-to-date while offering a 2.61% dividend yield supported by 15 consecutive years of dividend increases.",0.685,0.685,0.262,0.053
rss-9137dc930e23a89e,Industrials,negative,negative,Industrials,macro risk,"Stock Market Today: The Dow Jones index sells off Wednesday after Trump declares the ceasefire is ""over."" Stock Market Today: The Dow Jones index sells off Wednesday after Trump declares the ceasefire is ""over.""",0.733,0.024,0.242,0.733
rss-7124ea00b7bc1621,Energy,positive,positive,Energy,macro risk,"The latest trading day saw Chevron (CVX) settling at $175.92, representing a +1.1% change from its previous close.",0.829,0.829,0.022,0.149
rss-0b1f061d55c5b59a,Industrials,positive,positive,Industrials,macro risk,"(Skycatch), a leading provider of spatial data capture, processing and analysis solutions for the mining industry, further enhancing its capabilities following the recent acquisition of RPMGlobal (RPM).",0.572,0.572,0.413,0.015
rss-407a2ae704583314,Materials,negative,negative,Materials,macro risk,"MEOH will indefinitely idle its Titan methanol plant in Trinidad after failing to secure a new gas contract, while preserving restart optionality.",0.952,0.009,0.039,0.952
rss-799f1bde27981843,Consumer Staples,negative,negative,Consumer Staples,macro risk,"Coca-Cola (KO) closed at $82.55 in the latest trading session, marking a -1.02% move from the prior day.",0.52,0.465,0.016,0.52
rss-e6bdc1d65cdf42a7,Industrials,neutral,neutral,Industrials,valuation risk,"Instead, however, he ended up with a substance that stuck to surfaces lightly, could be peeled off easily, and could be reused multiple times ...",0.858,0.052,0.858,0.09
rss-ea6bc5305436584b,Utilities,neutral,neutral,Utilities,macro risk,"A retired couple’s grocery bill is one of the most inflation-sensitive lines in the household budget because it has to be paid every week, not once a year.",0.877,0.056,0.877,0.067
rss-582ae7b14dd3f702,Technology,positive,positive,Technology,macro risk,"Meta also wants to double its overall computing capacity to 14 gigawatts in 2027, Reuters reports.",0.816,0.816,0.174,0.009
rss-8a0126104be8bb2e,Consumer Staples,neutral,neutral,Consumer Staples,macro risk,Food manufacturing companies continue to grow even as the jobs behind familiar grocery products shift.,0.562,0.24,0.562,0.198
rss-5f2e51c13bf67c27,Communication Services,negative,negative,Communication Services,macro risk,US equity indexes traded mixed this week as growth sectors lifted the Nasdaq Composite and S&P 500 a.,0.518,0.385,0.097,0.518
rss-f70a76af3d815b64,Healthcare,negative,negative,Healthcare,macro risk,"On Friday, the S&P 500’s healthcare sector was the only major sector trading down more than 0.1%: It was down 0.7%.",0.925,0.011,0.064,0.925
rss-0d59704b5f5e8048,Unmapped,negative,negative,Unmapped,macro risk,“It’s an American tragedy” when small businesses close up shop.,0.726,0.018,0.255,0.726
rss-45de46c74c77366f,Unmapped,neutral,neutral,Unmapped,macro risk,adults define the American Dream as being part of a community.,0.875,0.046,0.875,0.078
rss-ad304d52e76bb274,Technology,negative,negative,Technology,macro risk,These stocks were down more than 14% at the halfway mark of the year.,0.523,0.031,0.447,0.523
rss-cb3ebb8c595ee065,Energy,neutral,neutral,Energy,macro risk,"Over the past year, ConocoPhillips has delivered a 21.0% return, and the stock is up 102.3% over...",0.674,0.278,0.674,0.048
rss-03d86b62ec961662,Materials,positive,positive,Materials,commodity risk,"(Updates with economic data, recent oil price movement, world markets' overview and corporate stock.",0.597,0.597,0.13,0.273
rss-9a123fedb5187ddd,Energy,negative,negative,Energy,commodity risk,"(Updates with economic data, recent oil price movement, world markets' overview and corporate stock.",0.943,0.012,0.044,0.943
rss-7afdbe385b2069dc,Communication Services,neutral,neutral,Communication Services,macro risk,AT&T's profitability surged 101% year-over-year while Verizon faces integration headwinds from billion-dollar acquisitions.,0.552,0.41,0.552,0.038
rss-a7e9376ee7e4fde1,Communication Services,positive,positive,Communication Services,macro risk,Analyst Sees More Upside for Meta Stock After AI Spending Boost Analyst Sees More Upside for Meta Stock After AI Spending Boost,0.937,0.937,0.035,0.028
rss-b2db012eed006fb0,Real Estate,neutral,neutral,Real Estate,interest rate risk,"With an annual dividend yield of 5.07%, Realty Income Corporation (NYSE:O) is included among the 14 Best Blue Chip Dividend Stocks to Buy According to Hedge Funds.",0.818,0.167,0.818,0.014
rss-62eb75896f60e374,Healthcare,neutral,neutral,Healthcare,macro risk,"The newly accredited entities are: The Association for the Accreditation of Human Research Protection Programs has awarded full accreditation to five more entities, including the U.S.",0.532,0.457,0.532,0.011
rss-e951899c8f4e3008,Real Estate,negative,negative,Real Estate,macro risk,"VNQ and US REITs haven't posted a July loss since 2008, extending a rare seasonal streak despite persistent rate headwinds.",0.778,0.201,0.02,0.778
rss-8b7d36bdda0ea1f1,Real Estate,positive,positive,Real Estate,macro risk,"DOC surges 28% in three months as leasing, occupancy gains and Janus Living growth support its shift toward labs and outpatient assets.",0.844,0.844,0.136,0.02
rss-b71254eb5a7c5dd1,Consumer Staples,positive,positive,Consumer Staples,macro risk,The top beverage company's shares have risen 18% in the past 12 months.,0.654,0.654,0.328,0.018
rss-ee06ed2d5d61cc61,Consumer Discretionary,neutral,neutral,Consumer Discretionary,interest rate risk,"With an annual dividend yield of 3.72%, NIKE, Inc.",0.677,0.239,0.677,0.084
rss-03a4ae41a77fd254,Consumer Discretionary,negative,negative,Consumer Discretionary,macro risk,"Some cash-heavy businesses struggle with inefficient spending, slowing demand, or weak competitive positioning.",0.524,0.403,0.074,0.524
rss-10592e5dd6c8898a,Technology,neutral,neutral,Technology,macro risk,The ChatGPT developer’s recent model beats releases from Elon Musk’s SpaceX and Alphabet’s Google on Artificial Analysis’s intelligence ranking.,0.679,0.306,0.679,0.014
rss-6e74b50058557179,Utilities,positive,positive,Utilities,macro risk,"Constellation Energy expands beyond its nuclear base with renewable, geothermal and energy-storage projects, supported by growth investments that strengthen its clean-power platform.",0.897,0.897,0.095,0.008
rss-2473bd1abf4f66c7,Unmapped,positive,positive,Unmapped,macro risk,"Demand for chefs, personal assistants, butlers, nannies, housekeepers, chauffeurs and estate managers have reached records, according to Morgan & Mallet.",0.704,0.704,0.165,0.132
rss-a4049c25e5aa4177,Financials,negative,negative,Financials,macro risk,"(Bloomberg) -- Executives at some of Wall Street’s biggest names have faced a barrage of recent questions about whether artificial intelligence has crippled the value of their software investments.Most Read from BloombergGreece Offers Bounty to Catch Ravenous Fish Lured by Warming SeaOil, Gas Tankers Cross Hormuz Via Oman-Side Route After U-TurnsThe Tanker Tycoon Making Millions on Hormuz Shuttle RunsModi’s Flagship Biofuel Push Faces Backlash From MotoristsFIFA Allows Balogun to Play After Trum (Bloomberg) -- Executives at some of Wall Street’s biggest names have faced a barrage of recent questions about whether artificial intelligence has crippled the value of their software investments.Most Read from BloombergGreece Offers Bounty to Catch Ravenous Fish Lured by Warming SeaOil, Gas Tankers Cross Hormuz Via Oman-Side Route After U-TurnsThe Tanker Tycoon Making Millions on Hormuz Shuttle RunsModi’s Flagship Biofuel Push Faces Backlash From MotoristsFIFA Allows Balogun to Play After Trum",0.848,0.028,0.124,0.848
rss-c1e6c62c77a0bace,Materials,neutral,neutral,Materials,regulatory risk,He also outlined longer-term ambitions to introduce a dividend policy once regulatory requirements are met.,0.621,0.364,0.621,0.015
rss-fbc7706cd757ced6,Financials,neutral,neutral,Financials,macro risk,Citigroup Inc.,0.571,0.395,0.571,0.034
rss-3a9b3d99a62d79b0,Consumer Discretionary,positive,positive,Consumer Discretionary,demand risk,traffic pressures linger.,0.425,0.425,0.202,0.372
rss-879af30cc05f3f9b,Financials,positive,positive,Financials,macro risk,"PNC raises its dividend by 18% following the Fed's 2026 stress test, reflecting a strong capital position and shareholder return plans.",0.952,0.952,0.026,0.022
rss-fa8ebe421f95a457,Healthcare,positive,positive,Healthcare,macro risk,Biopharma sector's performance in H2 is expected to be driven more by company fundamentals rather th Biopharma sector's performance in H2 is expected to be driven more by company fundamentals rather th,0.696,0.696,0.233,0.07
rss-ed040b84244ebdf9,Industrials,negative,negative,Industrials,macro risk,Reuters reported on June 30 that The Boeing Company (NYSE:BA) announced that an unplanned ‌IT outage affected some of its computer systems and applications.,0.622,0.299,0.079,0.622
rss-dfc5c0cc0adcf4c8,Energy,positive,positive,Energy,macro risk,"VOO is up 10.25% year-to-date through July 7, 2026, riding a benchmark that continues to be dominated by mega-cap technology.",0.758,0.758,0.224,0.017
rss-b24e8ea66dfc485e,Industrials,positive,positive,Industrials,valuation risk,"Boeing stock has edged up around 4.0% over the past month, and the valuation signals are split, with the Discounted Cash Flow (DCF) intrinsic value estimate pointing to a large discount while market based multiples lean the other way.",0.577,0.577,0.164,0.259
rss-ae0ea91c47268dbf,Materials,negative,negative,Materials,macro risk,"Most tech stocks are having another great year, leading to worries that market-tracking index funds are overvalued and far too concentrated.",0.495,0.026,0.479,0.495
rss-24c19e51b40fdd71,Consumer Staples,negative,negative,Consumer Staples,macro risk,"Goldman Sachs has flagged gold as overcrowded, leaving retirees who depend on safe-haven exposure with a real problem to solve.",0.534,0.039,0.427,0.534
rss-3718b70ab3085c8b,Industrials,neutral,neutral,Industrials,macro risk,FAA is expected to certify the MAX 7 this month and soon restore Boeing's final 737 safety signoff authority.,0.502,0.453,0.502,0.045
rss-db282839cf52c2b4,Utilities,neutral,neutral,Utilities,macro risk,"On June 24, Morgan Stanley analyst David Arcaro upped the firm’s price […]",0.53,0.456,0.53,0.014
rss-056079f049d0fb60,Technology,positive,positive,Technology,macro risk,"Take-Two 'GTA VI' Pre-Order Data Indicate 'Robust' Demand, B.",0.561,0.561,0.419,0.02
rss-1021a9204cada9b1,Consumer Staples,neutral,neutral,Consumer Staples,macro risk,"Under the revised scheme, the e-commerce group will not levy commission on any fashion sale.",0.851,0.026,0.851,0.123
rss-dbcc0d8a42cfaff0,Communication Services,negative,negative,Communication Services,macro risk,"Both Netflix and T-Mobile stocks have been battered this year and bounced hard last week, but their risk profiles could not be more different for a retiree counting on that portfolio to pay the bills.",0.551,0.043,0.406,0.551
rss-5405d8c162af4447,Healthcare,negative,negative,Healthcare,macro risk,"While rivals scramble to replace lost revenue, Lilly is opening an unprecedented gap by being a “contrarian,” as one expert says.",0.661,0.071,0.268,0.661
rss-8b0490ab00ccd63f,Unmapped,negative,negative,Unmapped,macro risk,One of the biggest options trades in the entire market Thursday seems to suggest small caps might lead the next move up or down.,0.892,0.026,0.082,0.892
rss-9e93f8b9bec47815,Unmapped,neutral,neutral,Unmapped,macro risk,President Donald Trump told CNBC's Joe Kernen last week that he thought SpaceX CEO Elon Musk would donate company stock to the program.,0.798,0.193,0.798,0.01
rss-76e3d3d7d18b6a39,Technology,negative,negative,Technology,macro risk,"Advanced Micro Devices (AMD) concluded the recent trading session at $513.58, signifying a -6.97% move from its prior day's close.",0.497,0.489,0.015,0.497
rss-0b2f5f589b6f2d60,Energy,neutral,neutral,Energy,valuation risk,"Noble's profitability and lean balance sheet stand in sharp contrast to Transocean's $2.9B loss, but scale and valuation tell a different story.",0.766,0.18,0.766,0.054
rss-c3d150e03412a014,Materials,positive,positive,Materials,earnings risk,"This adjustment lines up with fresh research where some analysts have been lifting targets into the low to high US$70s, while others remain more cautious as they weigh copper exposure against execution risks and recent trading moves.",0.603,0.603,0.334,0.063
rss-d026fcfadbd7c0ea,Energy,negative,negative,Energy,macro risk,stock markets closed lower on Tuesday following the escalation of war between the United States and Iran.,0.544,0.028,0.427,0.544
rss-cb1fd5fdd03889ee,Communication Services,neutral,neutral,Communication Services,macro risk,They require money.,0.823,0.041,0.823,0.136
rss-0d45de291a97a5dd,Communication Services,positive,positive,Communication Services,macro risk,Tesla Shares Rise as Robotaxi Service Expands Into Miami Tesla Shares Rise as Robotaxi Service Expands Into Miami,0.93,0.93,0.038,0.032
rss-870422db349594d9,Real Estate,neutral,neutral,Real Estate,macro risk,"LONDON, July 09, 2026-- This replaces the TIAA-CREF Form 8.3 announcements sent at 3:14 pm and 5:38 pm BST on 08 July 2026.",0.929,0.021,0.929,0.05
rss-998c6270af0e8aea,Healthcare,neutral,neutral,Healthcare,macro risk,"Beyond analysts' top-and-bottom-line estimates for Johnson & Johnson (JNJ), evaluate projections for some of its key metrics to gain a better insight into how the business might have performed for the quarter ended June 2026.",0.848,0.137,0.848,0.015
rss-ed103d9e15f3481e,Real Estate,positive,positive,Real Estate,liquidity risk,"WPC raises its quarterly dividend 1.1% to 94 cents, backed by high occupancy, rent growth, investment activity and strong liquidity.",0.7,0.7,0.277,0.023
rss-5b2bf3da1380a8b1,Consumer Staples,positive,positive,Consumer Staples,macro risk,"The Coca-Cola Company (NYSE:KO) is expected to deliver a solid second quarter performance, with analysts at Jefferies and Bank of America highlighting resilient demand, steady volume trends and the company’s ability to navigate ongoing cost and macroeconomic pressures.",0.528,0.528,0.452,0.02
rss-ba22d404beb8e35c,Consumer Discretionary,neutral,neutral,Consumer Discretionary,macro risk,"Mike Khouw gives a trade on Rivian and Tesla, informed by his wife's recent auto purchase.",0.917,0.063,0.917,0.02
rss-708bc057865daed0,Consumer Discretionary,negative,negative,Consumer Discretionary,macro risk,"Federal regulators are raising serious questions about whether autonomous vehicles can safely interact with first responders, and their concerns could throw a massive wrench into Tesla's most ambitious moneymaking plan yet.",0.928,0.013,0.059,0.928
rss-8ecbfa958b82a934,Technology,neutral,neutral,Technology,macro risk,Apple Tests Chinese Memory Chips as Supply Chain Strategy Shifts Apple Tests Chinese Memory Chips as Supply Chain Strategy Shifts,0.823,0.152,0.823,0.024
rss-4bdd09e65aae3369,Utilities,positive,positive,Utilities,macro risk,"PPL's balanced portfolio and regulated utilities support decarbonization, stable cash flows and long-term earnings growth as electricity demand rises.",0.897,0.897,0.094,0.008
rss-6027c3f0b0f53eec,Unmapped,positive,positive,Unmapped,macro risk,"Advocates say that Trump Accounts for foster children may end up being helpful, as long as concerns about flexibility and accessibility are addressed.",0.683,0.683,0.308,0.009
rss-8ed4b68c3e423669,Financials,negative,negative,Financials,macro risk,Goldman Sachs has revised its yen forecast to 165 per dollar and warned intervention impact will likely be short-lived.,0.947,0.034,0.019,0.947
rss-178a44b399ecff60,Materials,neutral,neutral,Materials,macro risk,It also has history on its side.,0.86,0.119,0.86,0.021
rss-0694c5e33ae2a1c8,Financials,neutral,neutral,Financials,macro risk,"Analysts expect the bank to report quarterly earnings of $2.64 per share, up from $2.04 per share in the year-ago period.",0.682,0.292,0.682,0.026
rss-80651f5a6cc5d981,Consumer Discretionary,positive,positive,Consumer Discretionary,macro risk,Amazon's corporate bonds show that AI tailwinds will continue to accelerate.,0.786,0.786,0.035,0.179
rss-57961da405abee00,Financials,positive,positive,Financials,macro risk,"Fintech leaders are in focus as AI, digital payments and cloud adoption reshape financial services, with five transaction stocks highlighted for growth.",0.761,0.761,0.226,0.014
rss-03c69724a73231f0,Healthcare,positive,positive,Healthcare,macro risk,"These elevated prices usually indicate some degree of investor confidence, business improvements, or favorable market conditions.",0.552,0.552,0.405,0.042
rss-0b454ba12e11c62f,Industrials,negative,negative,Industrials,liquidity risk,"Many companies are years from profitability, and funding risk remains.",0.492,0.209,0.298,0.492
rss-f8b4ee19fde18ab3,Energy,positive,positive,Energy,commodity risk,and Iran sent crude prices sharply higher and boosted investor appetite for oil producers.,0.687,0.687,0.168,0.146
rss-1b26a4a518f5f6f8,Industrials,positive,positive,Industrials,macro risk,"In the latest trading session, Caterpillar (CAT) closed at $938.39, marking a -1.02% move from the previous day.",0.702,0.702,0.021,0.276
rss-3a3beec40efca718,Materials,negative,negative,Materials,commodity risk,"This setback raises questions about execution risk in BHP’s push to diversify beyond its core copper and iron ore operations, and how future capital might be prioritised across its growth pipeline.",0.651,0.03,0.319,0.651
rss-e8f13ef6714e9c6c,Consumer Staples,negative,negative,Consumer Staples,macro risk,"President Trump praised Walmart and said the lower prices are the result of ""my Administration's request to celebrate our great Country's 250th birthday."" President Trump praised Walmart and said the lower prices are the result of ""my Administration's request to celebrate our great Country's 250th birthday.""",0.806,0.086,0.108,0.806
rss-4d301c15d32b4d7b,Industrials,neutral,neutral,Industrials,macro risk,Caterpillar (CAT) has received quite a bit of attention from Zacks.com users lately.,0.749,0.216,0.749,0.036
rss-54d47cdd1c831899,Utilities,neutral,neutral,Utilities,macro risk,"Georgia Power has opened enrollment for the new Clean and Renewable Energy Subscription Customer Identified Resource (CARES CIR) program, which the Georgia Public Service Commission (PSC) approved in the 2025 Integrated Resource Plan (IRP) stipulated agreement.",0.588,0.402,0.588,0.009
rss-269a9bdd97f893cf,Technology,positive,positive,Technology,macro risk,"Cerebras CEO Andrew Feldman says AI compute suppliers are not building on speculation but chasing orders already under contract, and the companies moving fastest to secure power and pour concrete may be sitting on the greatest opportunity since the internet itself.",0.666,0.666,0.295,0.039
rss-90d8992f545666da,Consumer Staples,neutral,neutral,Consumer Staples,macro risk,The company has a deep commitment to dividends.,0.762,0.229,0.762,0.009
rss-ddf67887de686705,Communication Services,negative,negative,Communication Services,macro risk,"Shareholders have lost 15.1% of their capital, which is disappointing considering the S&P 500 has climbed by 8.4%.",0.965,0.011,0.024,0.965
rss-220344c281711619,Healthcare,negative,negative,Healthcare,macro risk,"The stock is down over the past month and quarter, while the 1-year total...",0.375,0.315,0.309,0.375
rss-1bae5f0797b8ed33,Unmapped,negative,negative,Unmapped,macro risk,What happens to their workers?,0.685,0.022,0.292,0.685
rss-62265d5a7e04117a,Unmapped,neutral,neutral,Unmapped,macro risk,The South Korean memory company’s new American depositary receipts begin trading on Friday.,0.692,0.266,0.692,0.041
rss-969b04818267bade,Technology,negative,negative,Technology,macro risk,"Allianz Partners will axe between 1,500 and 1,800 roles from its workforce of close to 23,000 Allianz Partners will axe between 1,500 and 1,800 roles from its workforce of close to 23,000",0.948,0.012,0.039,0.948
rss-20ff0abdf03db968,Energy,neutral,neutral,Energy,macro risk,ET (10:00 a.m.,0.918,0.032,0.918,0.05
rss-3a0ba6067b9bfcea,Materials,positive,positive,Materials,macro risk,"will release its second-quarter earnings later this month, and analysts anticipate a robust triple-digit bottom-line growth.",0.495,0.495,0.472,0.033
rss-ab2f214b10a44950,Energy,negative,negative,Energy,commodity risk,"On July 8, 2026, a reescalation of U.S.-Iran tensions sent crude surging and equities tumbling across all three major indexes.",0.951,0.015,0.034,0.951
rss-c5e539379fdb38a2,Communication Services,neutral,neutral,Communication Services,macro risk,"Self-improving models are reshaping the AI race as OpenAI, Anthropic, Google and others pursue superintelligence.",0.777,0.21,0.777,0.013
rss-e99fff411be4db99,Communication Services,positive,positive,Communication Services,macro risk,Investors have a rare opportunity to buy Netflix stock at a discount to the broader market.,0.498,0.498,0.482,0.02
rss-8d7092ed97962657,Real Estate,neutral,neutral,Real Estate,interest rate risk,"Real estate investment trusts, or REITs, are a special class of stocks known for their high dividend yields.",0.92,0.055,0.92,0.025
rss-4040c9014d4d9ba8,Healthcare,neutral,neutral,Healthcare,macro risk,Investors continued to pump money into select companies backed by business developments rather than broad market trends.,0.61,0.307,0.61,0.083
rss-7722b7153488135b,Real Estate,positive,positive,Real Estate,macro risk,"Prologis, a large logistics real estate company, is seeking to expand its European footprint through an all stock bid for Segro.",0.445,0.445,0.442,0.113
rss-1a3b772d3a99020c,Consumer Staples,positive,positive,Consumer Staples,macro risk,"That is what Costco (NASDAQ:COST) rang up in revenue for fiscal year 2025, representing a +8.17% year-over-year haul that pushed the warehouse operator past a quarter-trillion dollars in annual sales.",0.885,0.885,0.1,0.015
rss-75e8d17f262de243,Consumer Discretionary,neutral,neutral,Consumer Discretionary,macro risk,"The Mad Money host commented: Did the stock of Nike deserve to run 5% on a beat quarter, with no raise, no […] NIKE, Inc.",0.612,0.258,0.612,0.13
rss-d1d745e682213cf3,Consumer Discretionary,negative,negative,Consumer Discretionary,macro risk,The biggest fear surrounding artificial intelligence is that it will replace workers.,0.593,0.076,0.331,0.593
rss-fed36ce2401b7319,Technology,neutral,neutral,Technology,macro risk,"Management now champions a new portfolio of 'growth engines,' but the story they quietly shelved was powered by a flagship product whose once-explosive growth has started to cool.",0.697,0.19,0.697,0.112
rss-f32591169fe8ce7f,Utilities,positive,positive,Utilities,interest rate risk,"DUK edges CEG on earnings estimates, dividend yield, capital plans, valuation and six-month share gains as clean power demand rises.",0.625,0.625,0.342,0.032
rss-9ff6d0a533105082,Unmapped,positive,positive,Unmapped,macro risk,"The Commerce Department will favorably review exports involving MGX, which used a stablecoin linked to President Trump's family for a $2B Binance investment.",0.727,0.727,0.165,0.108
rss-d00fb4f9bdb65dc2,Financials,negative,negative,Financials,macro risk,"Financial stocks were leaning lower pre-bell Monday, with the State Street Financial Select Sector S Financial stocks were leaning lower pre-bell Monday, with the State Street Financial Select Sector S",0.953,0.022,0.026,0.953
rss-1f43130b9a889f49,Materials,neutral,neutral,Materials,commodity risk,The United States Oil Fund (NYSEARCA:USO) does one thing: it gives investors a liquid way to bet on West Texas Intermediate crude without opening a futures account.,0.677,0.237,0.677,0.086
rss-01daeda783532b0a,Financials,neutral,neutral,Financials,macro risk,"While Micron stock eked briefly into positive territory Friday, it was down for most of the session as SK Hynix American depositary receipts shot above their initial public offering price of $149.",0.425,0.284,0.425,0.291
rss-d6b17646cb129ab7,Consumer Discretionary,positive,positive,Consumer Discretionary,macro risk,Tesla's stock is up 1% on Friday.,0.598,0.598,0.236,0.166
rss-2e01d00ef5f2dc94,Financials,positive,positive,Financials,macro risk,"The firm noted that, based on impressive growth across defense and […]",0.853,0.853,0.132,0.014
rss-e72294be0e42771d,Healthcare,positive,positive,Healthcare,regulatory risk,"Regulatory developments around pharmacy benefit management and expanded coverage decisions, such as new screening benefits, can support the long term...",0.675,0.675,0.041,0.284
rss-18fd6e2552b744df,Industrials,negative,negative,Industrials,macro risk,"Investing.com -- New York Attorney General Letitia James on Thursday sued several of the nation’s largest chemical manufacturers, including 3M, DuPont, Chemours, Corteva and EIDP, alleging they knowingly caused decades of toxic PFAS contamination through consumer products while concealing the chemicals’ health and environmental risks.",0.828,0.028,0.144,0.828
rss-312bbaecf38d7918,Energy,positive,positive,Energy,commodity risk,"ConocoPhillips (COP) stock recently reacted to renewed conflict between the United States and Iran, as escalating tensions and attacks on commercial ships pushed crude prices higher and sharpened investor focus on the company’s cash flow sensitivity.",0.423,0.423,0.234,0.342
rss-82d0ae37cde38254,Industrials,positive,positive,Industrials,macro risk,Yahoo Finance Breaking News Reporter Jake Conley examines movements in defense stocks that are getting a boost from new contracts with the US government.,0.536,0.536,0.357,0.106
rss-34caa814f54444fd,Materials,negative,negative,Materials,macro risk,"On June 18, BHP Group (NYSE:BHP) warned it is poised to book a $2.3 billion charge due to higher costs and additional labor hours at its Jansen Stage 2 potash project in Canada.",0.632,0.098,0.27,0.632
