article_id,source,title,summary,content,url,published_at,collected_at,language,tickers,companies,sector,topic,sentiment_score,p_positive,p_neutral,p_negative,optimism,fear,uncertainty,attention,attention_weight,disagreement,disagreement_input,risk_intensity,risk_category,evidence_sentence,model_confidence,relevance_weight,time_weight,agg_weight,is_duplicate,dedup_factor
demo-01-01,Demo Market Wire,Apple AI demand update 1 shapes Technology sentiment,AI server orders supported stronger guidance. Investors linked the move to AI demand.,Apple and Microsoft were mentioned in demo coverage of Technology. AI server orders supported stronger guidance. Analysts said demand risk should be monitored over the next few weeks.,https://example.com/demo-01-01,2026-07-07T00:00:00+00:00,2026-07-07T00:00:00+00:00,en,AAPL;MSFT,Apple;Microsoft,Technology,AI demand,0.350,0.554,0.243,0.203,55.4,20.3,50.8,0.0,0.0,0.0,0.350,47.4,earnings risk,AI server orders supported stronger guidance.,0.554,1.000,1.000000,1.000000,False,1.0
demo-01-02,Demo Finance Daily,Microsoft semiconductors update 2 shapes Technology sentiment,chip supply constraints kept investors cautious. Investors linked the move to semiconductors.,Microsoft and Nvidia were mentioned in demo coverage of Technology. chip supply constraints kept investors cautious. Analysts said valuation risk should be monitored over the next few weeks.,https://example.com/demo-01-02,2026-07-04T21:00:00+00:00,2026-07-07T00:00:00+00:00,en,MSFT;NVDA,Microsoft;Nvidia,Technology,semiconductors,-0.251,0.207,0.336,0.457,20.7,45.7,58.4,0.0,0.0,0.0,-0.251,42.1,valuation risk,Analysts said valuation risk should be monitored over the next few weeks.,0.457,1.000,0.492464,0.492464,False,1.0
demo-01-03,Demo Sector Brief,Nvidia cloud growth update 3 shapes Technology sentiment,cloud spending trends remained resilient. Investors linked the move to cloud growth.,Nvidia and AMD were mentioned in demo coverage of Technology. cloud spending trends remained resilient. Analysts said earnings risk should be monitored over the next few weeks.,https://example.com/demo-01-03,2026-07-02T18:00:00+00:00,2026-07-07T00:00:00+00:00,en,AMD;NVDA,AMD;Nvidia,Technology,cloud growth,0.311,0.526,0.259,0.215,52.6,21.5,52.6,0.0,0.0,0.0,0.311,47.6,earnings risk,Analysts said earnings risk should be monitored over the next few weeks.,0.526,1.000,0.242521,0.242521,False,1.0
demo-01-04,Demo Analyst Note,AMD earnings risk update 4 shapes Technology sentiment,valuation questions grew after a sharp rally. Investors linked the move to earnings risk.,AMD and Broadcom were mentioned in demo coverage of Technology. valuation questions grew after a sharp rally. Analysts said macro risk should be monitored over the next few weeks.,https://example.com/demo-01-04,2026-06-30T15:00:00+00:00,2026-07-07T00:00:00+00:00,en,AMD;AVGO,AMD;Broadcom,Technology,earnings risk,-0.398,0.152,0.297,0.550,15.2,55.0,53.4,0.0,0.0,0.0,-0.398,46.9,valuation risk,valuation questions grew after a sharp rally.,0.550,1.000,0.119433,0.119433,False,1.0
demo-01-05,Demo Macro Watch,Broadcom AI demand update 5 shapes Technology sentiment,AI server orders supported stronger guidance. Investors linked the move to AI demand.,Broadcom and Apple were mentioned in demo coverage of Technology. AI server orders supported stronger guidance. Analysts said demand risk should be monitored over the next few weeks.,https://example.com/demo-01-05,2026-06-28T12:00:00+00:00,2026-07-07T00:00:00+00:00,en,AAPL;AVGO,Apple;Broadcom,Technology,AI demand,0.350,0.554,0.243,0.203,55.4,20.3,50.8,0.0,0.0,0.0,0.350,47.4,earnings risk,AI server orders supported stronger guidance.,0.554,1.000,0.058816,0.058816,False,1.0
demo-01-06,Demo Market Wire,Apple semiconductors update 6 shapes Technology sentiment,chip supply constraints kept investors cautious. Investors linked the move to semiconductors.,Apple and Microsoft were mentioned in demo coverage of Technology. chip supply constraints kept investors cautious. Analysts said valuation risk should be monitored over the next few weeks.,https://example.com/demo-01-06,2026-06-26T09:00:00+00:00,2026-07-07T00:00:00+00:00,en,AAPL;MSFT,Apple;Microsoft,Technology,semiconductors,-0.251,0.207,0.336,0.457,20.7,45.7,58.4,0.0,0.0,0.0,-0.251,42.1,valuation risk,Analysts said valuation risk should be monitored over the next few weeks.,0.457,1.000,0.028965,0.028965,False,1.0
demo-01-07,Demo Finance Daily,Microsoft cloud growth update 7 shapes Technology sentiment,cloud spending trends remained resilient. Investors linked the move to cloud growth.,Microsoft and Nvidia were mentioned in demo coverage of Technology. cloud spending trends remained resilient. Analysts said earnings risk should be monitored over the next few weeks.,https://example.com/demo-01-07,2026-06-24T06:00:00+00:00,2026-07-07T00:00:00+00:00,en,MSFT;NVDA,Microsoft;Nvidia,Technology,cloud growth,0.311,0.526,0.259,0.215,52.6,21.5,52.6,0.0,0.0,0.0,0.311,47.6,earnings risk,Analysts said earnings risk should be monitored over the next few weeks.,0.526,1.000,0.014264,0.014264,False,1.0
demo-01-08,Demo Sector Brief,Nvidia earnings risk update 8 shapes Technology sentiment,valuation questions grew after a sharp rally. Investors linked the move to earnings risk.,Nvidia and AMD were mentioned in demo coverage of Technology. valuation questions grew after a sharp rally. Analysts said macro risk should be monitored over the next few weeks.,https://example.com/demo-01-08,2026-06-22T03:00:00+00:00,2026-07-07T00:00:00+00:00,en,AMD;NVDA,AMD;Nvidia,Technology,earnings risk,-0.398,0.152,0.297,0.550,15.2,55.0,53.4,0.0,0.0,0.0,-0.398,46.9,valuation risk,valuation questions grew after a sharp rally.,0.550,1.000,0.007025,0.007025,False,1.0
demo-01-09,Demo Analyst Note,AMD AI demand update 9 shapes Technology sentiment,AI server orders supported stronger guidance. Investors linked the move to AI demand.,AMD and Broadcom were mentioned in demo coverage of Technology. AI server orders supported stronger guidance. Analysts said demand risk should be monitored over the next few weeks.,https://example.com/demo-01-09,2026-06-21T00:00:00+00:00,2026-07-07T00:00:00+00:00,en,AMD;AVGO,AMD;Broadcom,Technology,AI demand,0.350,0.554,0.243,0.203,55.4,20.3,50.8,0.0,0.0,0.0,0.350,47.4,earnings risk,AI server orders supported stronger guidance.,0.554,1.000,0.004828,0.004828,False,1.0
demo-01-10,Demo Macro Watch,Broadcom semiconductors update 10 shapes Technology sentiment,chip supply constraints kept investors cautious. Investors linked the move to semiconductors.,Broadcom and Apple were mentioned in demo coverage of Technology. chip supply constraints kept investors cautious. Analysts said valuation risk should be monitored over the next few weeks.,https://example.com/demo-01-10,2026-06-18T21:00:00+00:00,2026-07-07T00:00:00+00:00,en,AAPL;AVGO,Apple;Broadcom,Technology,semiconductors,-0.251,0.207,0.336,0.457,20.7,45.7,58.4,0.0,0.0,0.0,-0.251,42.1,valuation risk,Analysts said valuation risk should be monitored over the next few weeks.,0.457,1.000,0.002378,0.002378,False,1.0
demo-01-11,Demo Market Wire,Apple cloud growth update 11 shapes Technology sentiment,cloud spending trends remained resilient. Investors linked the move to cloud growth.,Apple and Microsoft were mentioned in demo coverage of Technology. cloud spending trends remained resilient. Analysts said earnings risk should be monitored over the next few weeks.,https://example.com/demo-01-01,2026-06-16T18:00:00+00:00,2026-07-07T00:00:00+00:00,en,AAPL;MSFT,Apple;Microsoft,Technology,cloud growth,0.311,0.526,0.259,0.215,52.6,21.5,52.6,0.0,0.0,0.0,0.311,47.6,earnings risk,Analysts said earnings risk should be monitored over the next few weeks.,0.526,1.000,0.001171,0.000351,True,0.3
demo-01-12,Demo Finance Daily,Apple AI demand update 1 reshapes Technology sentiment,valuation questions grew after a sharp rally. Investors linked the move to earnings risk.,Microsoft and Nvidia were mentioned in demo coverage of Technology. valuation questions grew after a sharp rally. Analysts said macro risk should be monitored over the next few weeks.,https://example.com/demo-01-12,2026-06-14T15:00:00+00:00,2026-07-07T00:00:00+00:00,en,AAPL;MSFT;NVDA,Apple;Microsoft;Nvidia,Technology,AI demand,-0.296,0.177,0.349,0.473,17.7,47.3,58.4,0.0,0.0,0.0,-0.296,43.9,valuation risk,valuation questions grew after a sharp rally.,0.473,1.000,0.000577,0.000404,True,0.7
demo-02-01,Demo Finance Daily,Meta advertising growth update 1 shapes Communication Services sentiment,digital advertising demand improved across large platforms. Investors linked the move to advertising growth.,Meta and Alphabet were mentioned in demo coverage of Communication Services. digital advertising demand improved across large platforms. Analysts said regulatory risk should be monitored over the next few weeks.,https://example.com/demo-02-01,2026-07-03T22:00:00+00:00,2026-07-07T00:00:00+00:00,en,GOOGL;META,Alphabet;Meta,Communication Services,advertising growth,0.311,0.526,0.259,0.215,52.6,21.5,52.6,0.0,0.0,0.0,0.311,62.6,regulatory risk,Analysts said regulatory risk should be monitored over the next few weeks.,0.526,1.000,0.357801,0.357801,False,1.0
demo-02-02,Demo Sector Brief,Alphabet streaming margins update 2 shapes Communication Services sentiment,streaming competition raised questions about margins. Investors linked the move to streaming margins.,Alphabet and Netflix were mentioned in demo coverage of Communication Services. streaming competition raised questions about margins. Analysts said demand risk should be monitored over the next few weeks.,https://example.com/demo-02-02,2026-07-01T19:00:00+00:00,2026-07-07T00:00:00+00:00,en,GOOGL;NFLX,Alphabet;Netflix,Communication Services,streaming margins,-0.216,0.199,0.386,0.415,19.9,41.5,61.5,0.0,0.0,0.0,-0.216,56.4,demand risk,Analysts said demand risk should be monitored over the next few weeks.,0.415,1.000,0.176204,0.176204,False,1.0
demo-02-03,Demo Analyst Note,Netflix regulatory risk update 3 shapes Communication Services sentiment,subscriber engagement remained stable. Investors linked the move to regulatory risk.,Netflix and AT&T were mentioned in demo coverage of Communication Services. subscriber engagement remained stable. Analysts said valuation risk should be monitored over the next few weeks.,https://example.com/demo-02-03,2026-06-29T16:00:00+00:00,2026-07-07T00:00:00+00:00,en,NFLX;T,AT&T;Netflix,Communication Services,regulatory risk,-0.068,0.318,0.295,0.386,31.8,38.6,57.5,0.0,0.0,0.0,-0.068,65.3,regulatory risk,Investors linked the move to regulatory risk.,0.386,1.000,0.086774,0.086774,False,1.0
demo-02-04,Demo Macro Watch,AT&T subscriber trends update 4 shapes Communication Services sentiment,policy scrutiny around platform rules increased. Investors linked the move to subscriber trends.,AT&T and Verizon were mentioned in demo coverage of Communication Services. policy scrutiny around platform rules increased. Analysts said earnings risk should be monitored over the next few weeks.,https://example.com/demo-02-04,2026-06-27T13:00:00+00:00,2026-07-07T00:00:00+00:00,en,T;VZ,AT&T;Verizon,Communication Services,earnings risk,-0.251,0.207,0.336,0.457,20.7,45.7,58.4,0.0,0.0,0.0,-0.251,72.1,regulatory risk,policy scrutiny around platform rules increased.,0.457,1.000,0.042733,0.042733,False,1.0
demo-02-05,Demo Market Wire,Verizon advertising growth update 5 shapes Communication Services sentiment,digital advertising demand improved across large platforms. Investors linked the move to advertising growth.,Verizon and Meta were mentioned in demo coverage of Communication Services. digital advertising demand improved across large platforms. Analysts said regulatory risk should be monitored over the next few weeks.,https://example.com/demo-02-05,2026-06-25T10:00:00+00:00,2026-07-07T00:00:00+00:00,en,META;VZ,Meta;Verizon,Communication Services,advertising growth,0.311,0.526,0.259,0.215,52.6,21.5,52.6,0.0,0.0,0.0,0.311,62.6,regulatory risk,Analysts said regulatory risk should be monitored over the next few weeks.,0.526,1.000,0.021045,0.021045,False,1.0
demo-02-06,Demo Finance Daily,Meta streaming margins update 6 shapes Communication Services sentiment,streaming competition raised questions about margins. Investors linked the move to streaming margins.,Meta and Alphabet were mentioned in demo coverage of Communication Services. streaming competition raised questions about margins. Analysts said demand risk should be monitored over the next few weeks.,https://example.com/demo-02-06,2026-06-23T07:00:00+00:00,2026-07-07T00:00:00+00:00,en,GOOGL;META,Alphabet;Meta,Communication Services,streaming margins,-0.216,0.199,0.386,0.415,19.9,41.5,61.5,0.0,0.0,0.0,-0.216,56.4,demand risk,Analysts said demand risk should be monitored over the next few weeks.,0.415,1.000,0.010364,0.010364,False,1.0
demo-02-07,Demo Sector Brief,Alphabet regulatory risk update 7 shapes Communication Services sentiment,subscriber engagement remained stable. Investors linked the move to regulatory risk.,Alphabet and Netflix were mentioned in demo coverage of Communication Services. subscriber engagement remained stable. Analysts said valuation risk should be monitored over the next few weeks.,https://example.com/demo-02-07,2026-06-21T04:00:00+00:00,2026-07-07T00:00:00+00:00,en,GOOGL;NFLX,Alphabet;Netflix,Communication Services,regulatory risk,-0.068,0.318,0.295,0.386,31.8,38.6,57.5,0.0,0.0,0.0,-0.068,65.3,regulatory risk,Investors linked the move to regulatory risk.,0.386,1.000,0.005104,0.005104,False,1.0
demo-02-08,Demo Analyst Note,Netflix subscriber trends update 8 shapes Communication Services sentiment,policy scrutiny around platform rules increased. Investors linked the move to subscriber trends.,Netflix and AT&T were mentioned in demo coverage of Communication Services. policy scrutiny around platform rules increased. Analysts said earnings risk should be monitored over the next few weeks.,https://example.com/demo-02-08,2026-06-19T01:00:00+00:00,2026-07-07T00:00:00+00:00,en,NFLX;T,AT&T;Netflix,Communication Services,earnings risk,-0.251,0.207,0.336,0.457,20.7,45.7,58.4,0.0,0.0,0.0,-0.251,72.1,regulatory risk,policy scrutiny around platform rules increased.,0.457,1.000,0.002513,0.002513,False,1.0
demo-02-09,Demo Macro Watch,AT&T advertising growth update 9 shapes Communication Services sentiment,digital advertising demand improved across large platforms. Investors linked the move to advertising growth.,AT&T and Verizon were mentioned in demo coverage of Communication Services. digital advertising demand improved across large platforms. Analysts said regulatory risk should be monitored over the next few weeks.,https://example.com/demo-02-09,2026-06-17T22:00:00+00:00,2026-07-07T00:00:00+00:00,en,T;VZ,AT&T;Verizon,Communication Services,advertising growth,0.311,0.526,0.259,0.215,52.6,21.5,52.6,0.0,0.0,0.0,0.311,62.6,regulatory risk,Analysts said regulatory risk should be monitored over the next few weeks.,0.526,1.000,0.001727,0.001727,False,1.0
demo-02-10,Demo Market Wire,Verizon streaming margins update 10 shapes Communication Services sentiment,streaming competition raised questions about margins. Investors linked the move to streaming margins.,Verizon and Meta were mentioned in demo coverage of Communication Services. streaming competition raised questions about margins. Analysts said demand risk should be monitored over the next few weeks.,https://example.com/demo-02-10,2026-06-15T19:00:00+00:00,2026-07-07T00:00:00+00:00,en,META;VZ,Meta;Verizon,Communication Services,streaming margins,-0.216,0.199,0.386,0.415,19.9,41.5,61.5,0.0,0.0,0.0,-0.216,56.4,demand risk,Analysts said demand risk should be monitored over the next few weeks.,0.415,1.000,0.000851,0.000851,False,1.0
demo-02-11,Demo Finance Daily,Meta regulatory risk update 11 shapes Communication Services sentiment,subscriber engagement remained stable. Investors linked the move to regulatory risk.,Meta and Alphabet were mentioned in demo coverage of Communication Services. subscriber engagement remained stable. Analysts said valuation risk should be monitored over the next few weeks.,https://example.com/demo-02-01,2026-06-13T16:00:00+00:00,2026-07-07T00:00:00+00:00,en,GOOGL;META,Alphabet;Meta,Communication Services,regulatory risk,-0.068,0.318,0.295,0.386,31.8,38.6,57.5,0.0,0.0,0.0,-0.068,65.3,regulatory risk,Investors linked the move to regulatory risk.,0.386,1.000,0.000419,0.000126,True,0.3
demo-02-12,Demo Sector Brief,Meta advertising growth update 1 reshapes Communication Services sentiment,policy scrutiny around platform rules increased. Investors linked the move to subscriber trends.,Alphabet and Netflix were mentioned in demo coverage of Communication Services. policy scrutiny around platform rules increased. Analysts said earnings risk should be monitored over the next few weeks.,https://example.com/demo-02-12,2026-06-11T13:00:00+00:00,2026-07-07T00:00:00+00:00,en,GOOGL;META;NFLX,Alphabet;Meta;Netflix,Communication Services,earnings risk,-0.170,0.250,0.329,0.421,25.0,42.1,58.9,0.0,0.0,0.0,-0.170,69.2,regulatory risk,policy scrutiny around platform rules increased.,0.421,1.000,0.000206,0.000144,True,0.7
demo-03-01,Demo Sector Brief,Amazon consumer spending update 1 shapes Consumer Discretionary sentiment,online sales showed resilient consumer demand. Investors linked the move to consumer spending.,Amazon and Tesla were mentioned in demo coverage of Consumer Discretionary. online sales showed resilient consumer demand. Analysts said demand risk should be monitored over the next few weeks.,https://example.com/demo-03-01,2026-06-30T20:00:00+00:00,2026-07-07T00:00:00+00:00,en,AMZN;TSLA,Amazon;Tesla,Consumer Discretionary,consumer spending,0.116,0.390,0.336,0.274,39.0,27.4,59.8,0.0,0.0,0.0,0.116,48.4,demand risk,Analysts said demand risk should be monitored over the next few weeks.,0.390,1.000,0.128022,0.128022,False,1.0
demo-03-02,Demo Analyst Note,Tesla earnings risk update 2 shapes Consumer Discretionary sentiment,ticket sizes softened as shoppers became selective. Investors linked the move to earnings risk.,Tesla and Nike were mentioned in demo coverage of Consumer Discretionary. ticket sizes softened as shoppers became selective. Analysts said valuation risk should be monitored over the next few weeks.,https://example.com/demo-03-02,2026-06-28T17:00:00+00:00,2026-07-07T00:00:00+00:00,en,NKE;TSLA,Nike;Tesla,Consumer Discretionary,earnings risk,-0.427,0.157,0.259,0.584,15.7,58.4,50.3,0.0,0.0,0.0,-0.427,62.5,earnings risk,Investors linked the move to earnings risk.,0.584,1.000,0.063046,0.063046,False,1.0
demo-03-03,Demo Macro Watch,Nike demand risk update 3 shapes Consumer Discretionary sentiment,restaurant traffic held up better than expected. Investors linked the move to demand risk.,Nike and Home Depot were mentioned in demo coverage of Consumer Discretionary. restaurant traffic held up better than expected. Analysts said earnings risk should be monitored over the next few weeks.,https://example.com/demo-03-03,2026-06-26T14:00:00+00:00,2026-07-07T00:00:00+00:00,en,HD;NKE,Home Depot;Nike,Consumer Discretionary,earnings risk,-0.068,0.318,0.295,0.386,31.8,38.6,57.5,0.0,0.0,0.0,-0.068,50.3,demand risk,restaurant traffic held up better than expected.,0.386,1.000,0.031048,0.031048,False,1.0
demo-03-04,Demo Market Wire,Home Depot valuation risk update 4 shapes Consumer Discretionary sentiment,auto demand concerns weighed on growth expectations. Investors linked the move to valuation risk.,Home Depot and McDonald's were mentioned in demo coverage of Consumer Discretionary. auto demand concerns weighed on growth expectations. Analysts said macro risk should be monitored over the next few weeks.,https://example.com/demo-03-04,2026-06-24T11:00:00+00:00,2026-07-07T00:00:00+00:00,en,HD;MCD,Home Depot;McDonald's,Consumer Discretionary,general market sentiment,-0.471,0.166,0.197,0.637,16.6,63.7,44.8,0.0,0.0,0.0,-0.471,78.4,macro risk,Analysts said macro risk should be monitored over the next few weeks.,0.637,1.000,0.015290,0.015290,False,1.0
demo-03-05,Demo Finance Daily,McDonald's consumer spending update 5 shapes Consumer Discretionary sentiment,online sales showed resilient consumer demand. Investors linked the move to consumer spending.,McDonald's and Amazon were mentioned in demo coverage of Consumer Discretionary. online sales showed resilient consumer demand. Analysts said demand risk should be monitored over the next few weeks.,https://example.com/demo-03-05,2026-06-22T08:00:00+00:00,2026-07-07T00:00:00+00:00,en,AMZN;MCD,Amazon;McDonald's,Consumer Discretionary,consumer spending,0.116,0.390,0.336,0.274,39.0,27.4,59.8,0.0,0.0,0.0,0.116,48.4,demand risk,Analysts said demand risk should be monitored over the next few weeks.,0.390,1.000,0.007530,0.007530,False,1.0
demo-03-06,Demo Sector Brief,Amazon earnings risk update 6 shapes Consumer Discretionary sentiment,ticket sizes softened as shoppers became selective. Investors linked the move to earnings risk.,Amazon and Tesla were mentioned in demo coverage of Consumer Discretionary. ticket sizes softened as shoppers became selective. Analysts said valuation risk should be monitored over the next few weeks.,https://example.com/demo-03-06,2026-06-20T05:00:00+00:00,2026-07-07T00:00:00+00:00,en,AMZN;TSLA,Amazon;Tesla,Consumer Discretionary,earnings risk,-0.427,0.157,0.259,0.584,15.7,58.4,50.3,0.0,0.0,0.0,-0.427,62.5,earnings risk,Investors linked the move to earnings risk.,0.584,1.000,0.003708,0.003708,False,1.0
demo-03-07,Demo Analyst Note,Tesla demand risk update 7 shapes Consumer Discretionary sentiment,restaurant traffic held up better than expected. Investors linked the move to demand risk.,Tesla and Nike were mentioned in demo coverage of Consumer Discretionary. restaurant traffic held up better than expected. Analysts said earnings risk should be monitored over the next few weeks.,https://example.com/demo-03-07,2026-06-18T02:00:00+00:00,2026-07-07T00:00:00+00:00,en,NKE;TSLA,Nike;Tesla,Consumer Discretionary,earnings risk,-0.068,0.318,0.295,0.386,31.8,38.6,57.5,0.0,0.0,0.0,-0.068,50.3,demand risk,restaurant traffic held up better than expected.,0.386,1.000,0.001826,0.001826,False,1.0
demo-03-08,Demo Macro Watch,Nike valuation risk update 8 shapes Consumer Discretionary sentiment,auto demand concerns weighed on growth expectations. Investors linked the move to valuation risk.,Nike and Home Depot were mentioned in demo coverage of Consumer Discretionary. auto demand concerns weighed on growth expectations. Analysts said macro risk should be monitored over the next few weeks.,https://example.com/demo-03-08,2026-06-16T23:00:00+00:00,2026-07-07T00:00:00+00:00,en,HD;NKE,Home Depot;Nike,Consumer Discretionary,general market sentiment,-0.471,0.166,0.197,0.637,16.6,63.7,44.8,0.0,0.0,0.0,-0.471,78.4,macro risk,Analysts said macro risk should be monitored over the next few weeks.,0.637,1.000,0.001255,0.001255,False,1.0
demo-03-09,Demo Market Wire,Home Depot consumer spending update 9 shapes Consumer Discretionary sentiment,online sales showed resilient consumer demand. Investors linked the move to consumer spending.,Home Depot and McDonald's were mentioned in demo coverage of Consumer Discretionary. online sales showed resilient consumer demand. Analysts said demand risk should be monitored over the next few weeks.,https://example.com/demo-03-09,2026-06-14T20:00:00+00:00,2026-07-07T00:00:00+00:00,en,HD;MCD,Home Depot;McDonald's,Consumer Discretionary,consumer spending,0.116,0.390,0.336,0.274,39.0,27.4,59.8,0.0,0.0,0.0,0.116,48.4,demand risk,Analysts said demand risk should be monitored over the next few weeks.,0.390,1.000,0.000618,0.000618,False,1.0
demo-03-10,Demo Finance Daily,McDonald's earnings risk update 10 shapes Consumer Discretionary sentiment,ticket sizes softened as shoppers became selective. Investors linked the move to earnings risk.,McDonald's and Amazon were mentioned in demo coverage of Consumer Discretionary. ticket sizes softened as shoppers became selective. Analysts said valuation risk should be monitored over the next few weeks.,https://example.com/demo-03-10,2026-06-12T17:00:00+00:00,2026-07-07T00:00:00+00:00,en,AMZN;MCD,Amazon;McDonald's,Consumer Discretionary,earnings risk,-0.427,0.157,0.259,0.584,15.7,58.4,50.3,0.0,0.0,0.0,-0.427,62.5,earnings risk,Investors linked the move to earnings risk.,0.584,1.000,0.000304,0.000304,False,1.0
demo-03-11,Demo Sector Brief,Amazon demand risk update 11 shapes Consumer Discretionary sentiment,restaurant traffic held up better than expected. Investors linked the move to demand risk.,Amazon and Tesla were mentioned in demo coverage of Consumer Discretionary. restaurant traffic held up better than expected. Analysts said earnings risk should be monitored over the next few weeks.,https://example.com/demo-03-01,2026-06-10T14:00:00+00:00,2026-07-07T00:00:00+00:00,en,AMZN;TSLA,Amazon;Tesla,Consumer Discretionary,earnings risk,-0.068,0.318,0.295,0.386,31.8,38.6,57.5,0.0,0.0,0.0,-0.068,50.3,demand risk,restaurant traffic held up better than expected.,0.386,1.000,0.000150,0.000045,True,0.3
demo-03-12,Demo Analyst Note,Amazon consumer spending update 1 reshapes Consumer Discretionary sentiment,auto demand concerns weighed on growth expectations. Investors linked the move to valuation risk.,Tesla and Nike were mentioned in demo coverage of Consumer Discretionary. auto demand concerns weighed on growth expectations. Analysts said macro risk should be monitored over the next few weeks.,https://example.com/demo-03-12,2026-06-08T11:00:00+00:00,2026-07-07T00:00:00+00:00,en,AMZN;NKE;TSLA,Amazon;Nike;Tesla,Consumer Discretionary,consumer spending,-0.372,0.203,0.221,0.575,20.3,57.5,48.8,0.0,0.0,0.0,-0.372,75.3,macro risk,Analysts said macro risk should be monitored over the next few weeks.,0.575,1.000,0.000074,0.000052,True,0.7
demo-04-01,Demo Analyst Note,Walmart defensive demand update 1 shapes Consumer Staples sentiment,essential goods demand remained steady. Investors linked the move to defensive demand.,Walmart and Coca-Cola were mentioned in demo coverage of Consumer Staples. essential goods demand remained steady. Analysts said macro risk should be monitored over the next few weeks.,https://example.com/demo-04-01,2026-06-27T18:00:00+00:00,2026-07-07T00:00:00+00:00,en,KO;WMT,Coca-Cola;Walmart,Consumer Staples,defensive demand,0.116,0.390,0.336,0.274,39.0,27.4,59.8,0.0,0.0,0.0,0.116,63.4,macro risk,Analysts said macro risk should be monitored over the next few weeks.,0.390,1.000,0.045806,0.045806,False,1.0
demo-04-02,Demo Macro Watch,Coca-Cola pricing power update 2 shapes Consumer Staples sentiment,input cost pressure limited margin expansion. Investors linked the move to pricing power.,Coca-Cola and Procter & Gamble were mentioned in demo coverage of Consumer Staples. input cost pressure limited margin expansion. Analysts said demand risk should be monitored over the next few weeks.,https://example.com/demo-04-02,2026-06-25T15:00:00+00:00,2026-07-07T00:00:00+00:00,en,KO;PG,Coca-Cola;Procter & Gamble,Consumer Staples,margin pressure,-0.251,0.207,0.336,0.457,20.7,45.7,58.4,0.0,0.0,0.0,-0.251,57.1,commodity risk,input cost pressure limited margin expansion.,0.457,1.000,0.022558,0.022558,False,1.0
demo-04-03,Demo Market Wire,Procter & Gamble consumer spending update 3 shapes Consumer Staples sentiment,membership trends supported sales visibility. Investors linked the move to consumer spending.,Procter & Gamble and Costco were mentioned in demo coverage of Consumer Staples. membership trends supported sales visibility. Analysts said earnings risk should be monitored over the next few weeks.,https://example.com/demo-04-03,2026-06-23T12:00:00+00:00,2026-07-07T00:00:00+00:00,en,COST;PG,Costco;Procter & Gamble,Consumer Staples,earnings risk,0.072,0.343,0.386,0.271,34.3,27.1,62.8,0.0,0.0,0.0,0.072,48.9,earnings risk,Analysts said earnings risk should be monitored over the next few weeks.,0.386,1.000,0.011109,0.011109,False,1.0
demo-04-04,Demo Finance Daily,Costco margin pressure update 4 shapes Consumer Staples sentiment,pricing actions faced more consumer resistance. Investors linked the move to margin pressure.,Costco and Walmart were mentioned in demo coverage of Consumer Staples. pricing actions faced more consumer resistance. Analysts said commodity risk should be monitored over the next few weeks.,https://example.com/demo-04-04,2026-06-21T09:00:00+00:00,2026-07-07T00:00:00+00:00,en,COST;WMT,Costco;Walmart,Consumer Staples,pricing power,-0.251,0.207,0.336,0.457,20.7,45.7,58.4,0.0,0.0,0.0,-0.251,57.1,earnings risk,Investors linked the move to margin pressure.,0.457,1.000,0.005471,0.005471,False,1.0
demo-04-05,Demo Sector Brief,Walmart defensive demand update 5 shapes Consumer Staples sentiment,essential goods demand remained steady. Investors linked the move to defensive demand.,Walmart and Coca-Cola were mentioned in demo coverage of Consumer Staples. essential goods demand remained steady. Analysts said macro risk should be monitored over the next few weeks.,https://example.com/demo-04-05,2026-06-19T06:00:00+00:00,2026-07-07T00:00:00+00:00,en,KO;WMT,Coca-Cola;Walmart,Consumer Staples,defensive demand,0.116,0.390,0.336,0.274,39.0,27.4,59.8,0.0,0.0,0.0,0.116,63.4,macro risk,Analysts said macro risk should be monitored over the next few weeks.,0.390,1.000,0.002694,0.002694,False,1.0
demo-04-06,Demo Analyst Note,Coca-Cola pricing power update 6 shapes Consumer Staples sentiment,input cost pressure limited margin expansion. Investors linked the move to pricing power.,Coca-Cola and Procter & Gamble were mentioned in demo coverage of Consumer Staples. input cost pressure limited margin expansion. Analysts said demand risk should be monitored over the next few weeks.,https://example.com/demo-04-06,2026-06-17T03:00:00+00:00,2026-07-07T00:00:00+00:00,en,KO;PG,Coca-Cola;Procter & Gamble,Consumer Staples,margin pressure,-0.251,0.207,0.336,0.457,20.7,45.7,58.4,0.0,0.0,0.0,-0.251,57.1,commodity risk,input cost pressure limited margin expansion.,0.457,1.000,0.001327,0.000929,True,0.7
demo-04-07,Demo Macro Watch,Procter & Gamble consumer spending update 7 shapes Consumer Staples sentiment,membership trends supported sales visibility. Investors linked the move to consumer spending.,Procter & Gamble and Costco were mentioned in demo coverage of Consumer Staples. membership trends supported sales visibility. Analysts said earnings risk should be monitored over the next few weeks.,https://example.com/demo-04-07,2026-06-16T00:00:00+00:00,2026-07-07T00:00:00+00:00,en,COST;PG,Costco;Procter & Gamble,Consumer Staples,earnings risk,0.072,0.343,0.386,0.271,34.3,27.1,62.8,0.0,0.0,0.0,0.072,48.9,earnings risk,Analysts said earnings risk should be monitored over the next few weeks.,0.386,1.000,0.000912,0.000638,True,0.7
demo-04-08,Demo Market Wire,Costco margin pressure update 8 shapes Consumer Staples sentiment,pricing actions faced more consumer resistance. Investors linked the move to margin pressure.,Costco and Walmart were mentioned in demo coverage of Consumer Staples. pricing actions faced more consumer resistance. Analysts said commodity risk should be monitored over the next few weeks.,https://example.com/demo-04-08,2026-06-13T21:00:00+00:00,2026-07-07T00:00:00+00:00,en,COST;WMT,Costco;Walmart,Consumer Staples,pricing power,-0.251,0.207,0.336,0.457,20.7,45.7,58.4,0.0,0.0,0.0,-0.251,57.1,earnings risk,Investors linked the move to margin pressure.,0.457,1.000,0.000449,0.000449,False,1.0
demo-04-09,Demo Finance Daily,Walmart defensive demand update 9 shapes Consumer Staples sentiment,essential goods demand remained steady. Investors linked the move to defensive demand.,Walmart and Coca-Cola were mentioned in demo coverage of Consumer Staples. essential goods demand remained steady. Analysts said macro risk should be monitored over the next few weeks.,https://example.com/demo-04-09,2026-06-11T18:00:00+00:00,2026-07-07T00:00:00+00:00,en,KO;WMT,Coca-Cola;Walmart,Consumer Staples,defensive demand,0.116,0.390,0.336,0.274,39.0,27.4,59.8,0.0,0.0,0.0,0.116,63.4,macro risk,Analysts said macro risk should be monitored over the next few weeks.,0.390,1.000,0.000221,0.000221,False,1.0
demo-04-10,Demo Sector Brief,Coca-Cola pricing power update 10 shapes Consumer Staples sentiment,input cost pressure limited margin expansion. Investors linked the move to pricing power.,Coca-Cola and Procter & Gamble were mentioned in demo coverage of Consumer Staples. input cost pressure limited margin expansion. Analysts said demand risk should be monitored over the next few weeks.,https://example.com/demo-04-10,2026-06-09T15:00:00+00:00,2026-07-07T00:00:00+00:00,en,KO;PG,Coca-Cola;Procter & Gamble,Consumer Staples,margin pressure,-0.251,0.207,0.336,0.457,20.7,45.7,58.4,0.0,0.0,0.0,-0.251,57.1,commodity risk,input cost pressure limited margin expansion.,0.457,1.000,0.000109,0.000076,True,0.7
demo-04-11,Demo Analyst Note,Procter & Gamble consumer spending update 11 shapes Consumer Staples sentiment,membership trends supported sales visibility. Investors linked the move to consumer spending.,Procter & Gamble and Costco were mentioned in demo coverage of Consumer Staples. membership trends supported sales visibility. Analysts said earnings risk should be monitored over the next few weeks.,https://example.com/demo-04-01,2026-06-07T12:00:00+00:00,2026-07-07T00:00:00+00:00,en,COST;PG,Costco;Procter & Gamble,Consumer Staples,earnings risk,0.072,0.343,0.386,0.271,34.3,27.1,62.8,0.0,0.0,0.0,0.072,48.9,earnings risk,Analysts said earnings risk should be monitored over the next few weeks.,0.386,1.000,0.000054,0.000016,True,0.3
demo-04-12,Demo Macro Watch,Walmart defensive demand update 1 reshapes Consumer Staples sentiment,pricing actions faced more consumer resistance. Investors linked the move to margin pressure.,Costco and Walmart were mentioned in demo coverage of Consumer Staples. pricing actions faced more consumer resistance. Analysts said commodity risk should be monitored over the next few weeks.,https://example.com/demo-04-12,2026-07-05T09:00:00+00:00,2026-07-07T00:00:00+00:00,en,COST;WMT,Costco;Walmart,Consumer Staples,pricing power,-0.169,0.229,0.372,0.398,22.9,39.8,61.4,0.0,0.0,0.0,-0.169,54.6,earnings risk,Investors linked the move to margin pressure.,0.398,1.000,0.581778,0.407244,True,0.7
demo-05-01,Demo Macro Watch,JPMorgan credit risk update 1 shapes Financials sentiment,loan loss reserves remained a central investor focus. Investors linked the move to credit risk.,JPMorgan and Bank of America were mentioned in demo coverage of Financials. loan loss reserves remained a central investor focus. Analysts said credit risk should be monitored over the next few weeks.,https://example.com/demo-05-01,2026-06-24T16:00:00+00:00,2026-07-07T00:00:00+00:00,en,BAC;JPM,Bank of America;JPMorgan,Financials,credit risk,-0.427,0.157,0.259,0.584,15.7,58.4,50.3,0.0,0.0,0.0,-0.427,92.5,credit risk,loan loss reserves remained a central investor focus.,0.584,1.000,0.016390,0.016390,False,1.0
demo-05-02,Demo Market Wire,Bank of America interest rate uncertainty update 2 shapes Financials sentiment,net interest income expectations stabilized. Investors linked the move to interest rate uncertainty.,Bank of America and Citigroup were mentioned in demo coverage of Financials. net interest income expectations stabilized. Analysts said liquidity risk should be monitored over the next few weeks.,https://example.com/demo-05-02,2026-06-22T13:00:00+00:00,2026-07-07T00:00:00+00:00,en,BAC;C,Bank of America;Citigroup,Financials,interest rate uncertainty,-0.031,0.296,0.376,0.327,29.6,32.7,62.4,0.0,0.0,0.0,-0.031,49.9,interest rate risk,Investors linked the move to interest rate uncertainty.,0.376,1.000,0.008071,0.008071,False,1.0
demo-05-03,Demo Finance Daily,Citigroup earnings risk update 3 shapes Financials sentiment,capital market activity showed early improvement. Investors linked the move to earnings risk.,Citigroup and Goldman Sachs were mentioned in demo coverage of Financials. capital market activity showed early improvement. Analysts said interest rate risk should be monitored over the next few weeks.,https://example.com/demo-05-03,2026-06-20T10:00:00+00:00,2026-07-07T00:00:00+00:00,en,C;GS,Citigroup;Goldman Sachs,Financials,interest rate uncertainty,-0.251,0.207,0.336,0.457,20.7,45.7,58.4,0.0,0.0,0.0,-0.251,57.1,interest rate risk,Analysts said interest rate risk should be monitored over the next few weeks.,0.457,1.000,0.003975,0.003975,False,1.0
demo-05-04,Demo Sector Brief,Goldman Sachs liquidity risk update 4 shapes Financials sentiment,credit quality concerns persisted in consumer lending. Investors linked the move to liquidity risk.,Goldman Sachs and JPMorgan were mentioned in demo coverage of Financials. credit quality concerns persisted in consumer lending. Analysts said earnings risk should be monitored over the next few weeks.,https://example.com/demo-05-04,2026-06-18T07:00:00+00:00,2026-07-07T00:00:00+00:00,en,GS;JPM,Goldman Sachs;JPMorgan,Financials,earnings risk,-0.427,0.157,0.259,0.584,15.7,58.4,50.3,0.0,0.0,0.0,-0.427,92.5,credit risk,credit quality concerns persisted in consumer lending.,0.584,1.000,0.001957,0.001957,False,1.0
demo-05-05,Demo Analyst Note,JPMorgan credit risk update 5 shapes Financials sentiment,loan loss reserves remained a central investor focus. Investors linked the move to credit risk.,JPMorgan and Bank of America were mentioned in demo coverage of Financials. loan loss reserves remained a central investor focus. Analysts said credit risk should be monitored over the next few weeks.,https://example.com/demo-05-05,2026-06-16T04:00:00+00:00,2026-07-07T00:00:00+00:00,en,BAC;JPM,Bank of America;JPMorgan,Financials,credit risk,-0.427,0.157,0.259,0.584,15.7,58.4,50.3,0.0,0.0,0.0,-0.427,92.5,credit risk,loan loss reserves remained a central investor focus.,0.584,1.000,0.000964,0.000964,False,1.0
demo-05-06,Demo Macro Watch,Bank of America interest rate uncertainty update 6 shapes Financials sentiment,net interest income expectations stabilized. Investors linked the move to interest rate uncertainty.,Bank of America and Citigroup were mentioned in demo coverage of Financials. net interest income expectations stabilized. Analysts said liquidity risk should be monitored over the next few weeks.,https://example.com/demo-05-06,2026-06-14T01:00:00+00:00,2026-07-07T00:00:00+00:00,en,BAC;C,Bank of America;Citigroup,Financials,interest rate uncertainty,-0.031,0.296,0.376,0.327,29.6,32.7,62.4,0.0,0.0,0.0,-0.031,49.9,interest rate risk,Investors linked the move to interest rate uncertainty.,0.376,1.000,0.000475,0.000332,True,0.7
demo-05-07,Demo Market Wire,Citigroup earnings risk update 7 shapes Financials sentiment,capital market activity showed early improvement. Investors linked the move to earnings risk.,Citigroup and Goldman Sachs were mentioned in demo coverage of Financials. capital market activity showed early improvement. Analysts said interest rate risk should be monitored over the next few weeks.,https://example.com/demo-05-07,2026-06-12T22:00:00+00:00,2026-07-07T00:00:00+00:00,en,C;GS,Citigroup;Goldman Sachs,Financials,interest rate uncertainty,-0.251,0.207,0.336,0.457,20.7,45.7,58.4,0.0,0.0,0.0,-0.251,57.1,interest rate risk,Analysts said interest rate risk should be monitored over the next few weeks.,0.457,1.000,0.000326,0.000326,False,1.0
demo-05-08,Demo Finance Daily,Goldman Sachs liquidity risk update 8 shapes Financials sentiment,credit quality concerns persisted in consumer lending. Investors linked the move to liquidity risk.,Goldman Sachs and JPMorgan were mentioned in demo coverage of Financials. credit quality concerns persisted in consumer lending. Analysts said earnings risk should be monitored over the next few weeks.,https://example.com/demo-05-08,2026-06-10T19:00:00+00:00,2026-07-07T00:00:00+00:00,en,GS;JPM,Goldman Sachs;JPMorgan,Financials,earnings risk,-0.427,0.157,0.259,0.584,15.7,58.4,50.3,0.0,0.0,0.0,-0.427,92.5,credit risk,credit quality concerns persisted in consumer lending.,0.584,1.000,0.000161,0.000112,True,0.7
demo-05-09,Demo Sector Brief,JPMorgan credit risk update 9 shapes Financials sentiment,loan loss reserves remained a central investor focus. Investors linked the move to credit risk.,JPMorgan and Bank of America were mentioned in demo coverage of Financials. loan loss reserves remained a central investor focus. Analysts said credit risk should be monitored over the next few weeks.,https://example.com/demo-05-09,2026-06-08T16:00:00+00:00,2026-07-07T00:00:00+00:00,en,BAC;JPM,Bank of America;JPMorgan,Financials,credit risk,-0.427,0.157,0.259,0.584,15.7,58.4,50.3,0.0,0.0,0.0,-0.427,92.5,credit risk,loan loss reserves remained a central investor focus.,0.584,1.000,0.000079,0.000079,False,1.0
demo-05-10,Demo Analyst Note,Bank of America interest rate uncertainty update 10 shapes Financials sentiment,net interest income expectations stabilized. Investors linked the move to interest rate uncertainty.,Bank of America and Citigroup were mentioned in demo coverage of Financials. net interest income expectations stabilized. Analysts said liquidity risk should be monitored over the next few weeks.,https://example.com/demo-05-10,2026-07-06T13:00:00+00:00,2026-07-07T00:00:00+00:00,en,BAC;C,Bank of America;Citigroup,Financials,interest rate uncertainty,-0.031,0.296,0.376,0.327,29.6,32.7,62.4,0.0,0.0,0.0,-0.031,49.9,interest rate risk,Investors linked the move to interest rate uncertainty.,0.376,1.000,0.858320,0.600824,True,0.7
demo-05-11,Demo Macro Watch,Citigroup earnings risk update 11 shapes Financials sentiment,capital market activity showed early improvement. Investors linked the move to earnings risk.,Citigroup and Goldman Sachs were mentioned in demo coverage of Financials. capital market activity showed early improvement. Analysts said interest rate risk should be monitored over the next few weeks.,https://example.com/demo-05-01,2026-07-04T10:00:00+00:00,2026-07-07T00:00:00+00:00,en,C;GS,Citigroup;Goldman Sachs,Financials,interest rate uncertainty,-0.251,0.207,0.336,0.457,20.7,45.7,58.4,0.0,0.0,0.0,-0.251,57.1,interest rate risk,Analysts said interest rate risk should be monitored over the next few weeks.,0.457,1.000,0.422692,0.126808,True,0.3
demo-05-12,Demo Market Wire,JPMorgan credit risk update 1 reshapes Financials sentiment,credit quality concerns persisted in consumer lending. Investors linked the move to liquidity risk.,Goldman Sachs and JPMorgan were mentioned in demo coverage of Financials. credit quality concerns persisted in consumer lending. Analysts said earnings risk should be monitored over the next few weeks.,https://example.com/demo-05-12,2026-07-02T07:00:00+00:00,2026-07-07T00:00:00+00:00,en,GS;JPM,Goldman Sachs;JPMorgan,Financials,credit risk,-0.427,0.157,0.259,0.584,15.7,58.4,50.3,0.0,0.0,0.0,-0.427,92.5,credit risk,credit quality concerns persisted in consumer lending.,0.584,1.000,0.208161,0.145713,True,0.7
demo-06-01,Demo Market Wire,Pfizer healthcare regulation update 1 shapes Healthcare sentiment,pipeline updates improved confidence in future revenue. Investors linked the move to healthcare regulation.,Pfizer and Johnson & Johnson were mentioned in demo coverage of Healthcare. pipeline updates improved confidence in future revenue. Analysts said regulatory risk should be monitored over the next few weeks.,https://example.com/demo-06-01,2026-06-21T14:00:00+00:00,2026-07-07T00:00:00+00:00,en,JNJ;PFE,Johnson & Johnson;Pfizer,Healthcare,drug pipeline,0.350,0.554,0.243,0.203,55.4,20.3,50.8,0.0,0.0,0.0,0.350,62.4,regulatory risk,Investors linked the move to healthcare regulation.,0.554,1.000,0.005864,0.005864,False,1.0
demo-06-02,Demo Finance Daily,Johnson & Johnson drug pipeline update 2 shapes Healthcare sentiment,drug pricing rules created uncertainty for margins. Investors linked the move to drug pipeline.,Johnson & Johnson and Merck were mentioned in demo coverage of Healthcare. drug pricing rules created uncertainty for margins. Analysts said earnings risk should be monitored over the next few weeks.,https://example.com/demo-06-02,2026-06-19T11:00:00+00:00,2026-07-07T00:00:00+00:00,en,JNJ;MRK,Johnson & Johnson;Merck,Healthcare,earnings risk,-0.188,0.187,0.437,0.376,18.7,37.6,64.2,0.0,0.0,0.0,-0.188,71.0,regulatory risk,drug pricing rules created uncertainty for margins.,0.437,1.000,0.002888,0.002888,False,1.0
demo-06-03,Demo Sector Brief,Merck earnings risk update 3 shapes Healthcare sentiment,managed care utilization trends were mixed. Investors linked the move to earnings risk.,Merck and UnitedHealth were mentioned in demo coverage of Healthcare. managed care utilization trends were mixed. Analysts said demand risk should be monitored over the next few weeks.,https://example.com/demo-06-03,2026-06-17T08:00:00+00:00,2026-07-07T00:00:00+00:00,en,MRK;UNH,Merck;UnitedHealth,Healthcare,earnings risk,-0.223,0.193,0.391,0.416,19.3,41.6,61.7,0.0,0.0,0.0,-0.223,56.7,earnings risk,Investors linked the move to earnings risk.,0.416,1.000,0.001422,0.001422,False,1.0
demo-06-04,Demo Analyst Note,UnitedHealth policy uncertainty update 4 shapes Healthcare sentiment,clinical trial progress supported sentiment. Investors linked the move to policy uncertainty.,UnitedHealth and Pfizer were mentioned in demo coverage of Healthcare. clinical trial progress supported sentiment. Analysts said macro risk should be monitored over the next few weeks.,https://example.com/demo-06-04,2026-06-15T05:00:00+00:00,2026-07-07T00:00:00+00:00,en,PFE;UNH,Pfizer;UnitedHealth,Healthcare,drug pipeline,0.197,0.453,0.290,0.257,45.3,25.7,56.2,0.0,0.0,0.0,0.197,62.9,macro risk,Analysts said macro risk should be monitored over the next few weeks.,0.453,1.000,0.000700,0.000700,False,1.0
demo-06-05,Demo Macro Watch,Pfizer healthcare regulation update 5 shapes Healthcare sentiment,pipeline updates improved confidence in future revenue. Investors linked the move to healthcare regulation.,Pfizer and Johnson & Johnson were mentioned in demo coverage of Healthcare. pipeline updates improved confidence in future revenue. Analysts said regulatory risk should be monitored over the next few weeks.,https://example.com/demo-06-05,2026-06-13T02:00:00+00:00,2026-07-07T00:00:00+00:00,en,JNJ;PFE,Johnson & Johnson;Pfizer,Healthcare,drug pipeline,0.350,0.554,0.243,0.203,55.4,20.3,50.8,0.0,0.0,0.0,0.350,62.4,regulatory risk,Investors linked the move to healthcare regulation.,0.554,1.000,0.000345,0.000345,False,1.0
demo-06-06,Demo Market Wire,Johnson & Johnson drug pipeline update 6 shapes Healthcare sentiment,drug pricing rules created uncertainty for margins. Investors linked the move to drug pipeline.,Johnson & Johnson and Merck were mentioned in demo coverage of Healthcare. drug pricing rules created uncertainty for margins. Analysts said earnings risk should be monitored over the next few weeks.,https://example.com/demo-06-06,2026-06-11T23:00:00+00:00,2026-07-07T00:00:00+00:00,en,JNJ;MRK,Johnson & Johnson;Merck,Healthcare,earnings risk,-0.188,0.187,0.437,0.376,18.7,37.6,64.2,0.0,0.0,0.0,-0.188,71.0,regulatory risk,drug pricing rules created uncertainty for margins.,0.437,1.000,0.000237,0.000166,True,0.7
demo-06-07,Demo Finance Daily,Merck earnings risk update 7 shapes Healthcare sentiment,managed care utilization trends were mixed. Investors linked the move to earnings risk.,Merck and UnitedHealth were mentioned in demo coverage of Healthcare. managed care utilization trends were mixed. Analysts said demand risk should be monitored over the next few weeks.,https://example.com/demo-06-07,2026-06-09T20:00:00+00:00,2026-07-07T00:00:00+00:00,en,MRK;UNH,Merck;UnitedHealth,Healthcare,earnings risk,-0.223,0.193,0.391,0.416,19.3,41.6,61.7,0.0,0.0,0.0,-0.223,56.7,earnings risk,Investors linked the move to earnings risk.,0.416,1.000,0.000117,0.000117,False,1.0
demo-06-08,Demo Sector Brief,UnitedHealth policy uncertainty update 8 shapes Healthcare sentiment,clinical trial progress supported sentiment. Investors linked the move to policy uncertainty.,UnitedHealth and Pfizer were mentioned in demo coverage of Healthcare. clinical trial progress supported sentiment. Analysts said macro risk should be monitored over the next few weeks.,https://example.com/demo-06-08,2026-06-07T17:00:00+00:00,2026-07-07T00:00:00+00:00,en,PFE;UNH,Pfizer;UnitedHealth,Healthcare,drug pipeline,0.197,0.453,0.290,0.257,45.3,25.7,56.2,0.0,0.0,0.0,0.197,62.9,macro risk,Analysts said macro risk should be monitored over the next few weeks.,0.453,1.000,0.000057,0.000057,False,1.0
demo-06-09,Demo Analyst Note,Pfizer healthcare regulation update 9 shapes Healthcare sentiment,pipeline updates improved confidence in future revenue. Investors linked the move to healthcare regulation.,Pfizer and Johnson & Johnson were mentioned in demo coverage of Healthcare. pipeline updates improved confidence in future revenue. Analysts said regulatory risk should be monitored over the next few weeks.,https://example.com/demo-06-09,2026-07-05T14:00:00+00:00,2026-07-07T00:00:00+00:00,en,JNJ;PFE,Johnson & Johnson;Pfizer,Healthcare,drug pipeline,0.350,0.554,0.243,0.203,55.4,20.3,50.8,0.0,0.0,0.0,0.350,62.4,regulatory risk,Investors linked the move to healthcare regulation.,0.554,1.000,0.623615,0.623615,False,1.0
demo-06-10,Demo Macro Watch,Johnson & Johnson drug pipeline update 10 shapes Healthcare sentiment,drug pricing rules created uncertainty for margins. Investors linked the move to drug pipeline.,Johnson & Johnson and Merck were mentioned in demo coverage of Healthcare. drug pricing rules created uncertainty for margins. Analysts said earnings risk should be monitored over the next few weeks.,https://example.com/demo-06-10,2026-07-03T11:00:00+00:00,2026-07-07T00:00:00+00:00,en,JNJ;MRK,Johnson & Johnson;Merck,Healthcare,earnings risk,-0.188,0.187,0.437,0.376,18.7,37.6,64.2,0.0,0.0,0.0,-0.188,71.0,regulatory risk,drug pricing rules created uncertainty for margins.,0.437,1.000,0.307108,0.214976,True,0.7
demo-06-11,Demo Market Wire,Merck earnings risk update 11 shapes Healthcare sentiment,managed care utilization trends were mixed. Investors linked the move to earnings risk.,Merck and UnitedHealth were mentioned in demo coverage of Healthcare. managed care utilization trends were mixed. Analysts said demand risk should be monitored over the next few weeks.,https://example.com/demo-06-01,2026-07-01T08:00:00+00:00,2026-07-07T00:00:00+00:00,en,MRK;UNH,Merck;UnitedHealth,Healthcare,earnings risk,-0.223,0.193,0.391,0.416,19.3,41.6,61.7,0.0,0.0,0.0,-0.223,56.7,earnings risk,Investors linked the move to earnings risk.,0.416,1.000,0.151240,0.045372,True,0.3
demo-06-12,Demo Finance Daily,Pfizer healthcare regulation update 1 reshapes Healthcare sentiment,clinical trial progress supported sentiment. Investors linked the move to policy uncertainty.,UnitedHealth and Pfizer were mentioned in demo coverage of Healthcare. clinical trial progress supported sentiment. Analysts said macro risk should be monitored over the next few weeks.,https://example.com/demo-06-12,2026-06-29T05:00:00+00:00,2026-07-07T00:00:00+00:00,en,PFE;UNH,Pfizer;UnitedHealth,Healthcare,healthcare regulation,0.299,0.522,0.255,0.223,52.2,22.3,52.6,0.0,0.0,0.0,0.299,62.6,macro risk,Analysts said macro risk should be monitored over the next few weeks.,0.522,1.000,0.074480,0.052136,True,0.7
demo-07-01,Demo Finance Daily,Boeing supply chain update 1 shapes Industrials sentiment,order backlogs remained healthy across machinery names. Investors linked the move to supply chain.,Boeing and Caterpillar were mentioned in demo coverage of Industrials. order backlogs remained healthy across machinery names. Analysts said earnings risk should be monitored over the next few weeks.,https://example.com/demo-07-01,2026-06-18T12:00:00+00:00,2026-07-07T00:00:00+00:00,en,BA;CAT,Boeing;Caterpillar,Industrials,supply chain,0.116,0.390,0.336,0.274,39.0,27.4,59.8,0.0,0.0,0.0,0.116,48.4,earnings risk,Analysts said earnings risk should be monitored over the next few weeks.,0.390,1.000,0.002098,0.002098,False,1.0
demo-07-02,Demo Sector Brief,Caterpillar earnings risk update 2 shapes Industrials sentiment,delivery delays continued to pressure execution. Investors linked the move to earnings risk.,Caterpillar and GE were mentioned in demo coverage of Industrials. delivery delays continued to pressure execution. Analysts said demand risk should be monitored over the next few weeks.,https://example.com/demo-07-02,2026-06-16T09:00:00+00:00,2026-07-07T00:00:00+00:00,en,CAT;GE,Caterpillar;GE,Industrials,earnings risk,-0.572,0.116,0.195,0.688,11.6,68.8,41.8,0.0,0.0,0.0,-0.572,67.0,earnings risk,delivery delays continued to pressure execution.,0.688,1.000,0.001033,0.001033,False,1.0
demo-07-03,Demo Analyst Note,GE capital spending update 3 shapes Industrials sentiment,infrastructure demand supported medium-term guidance. Investors linked the move to capital spending.,GE and 3M were mentioned in demo coverage of Industrials. infrastructure demand supported medium-term guidance. Analysts said macro risk should be monitored over the next few weeks.,https://example.com/demo-07-03,2026-06-14T06:00:00+00:00,2026-07-07T00:00:00+00:00,en,GE;MMM,3M;GE,Industrials,infrastructure demand,0.116,0.390,0.336,0.274,39.0,27.4,59.8,0.0,0.0,0.0,0.116,63.4,macro risk,Analysts said macro risk should be monitored over the next few weeks.,0.390,1.000,0.000509,0.000509,False,1.0
demo-07-04,Demo Macro Watch,3M infrastructure demand update 4 shapes Industrials sentiment,export uncertainty weighed on industrial sentiment. Investors linked the move to infrastructure demand.,3M and Boeing were mentioned in demo coverage of Industrials. export uncertainty weighed on industrial sentiment. Analysts said geopolitical risk should be monitored over the next few weeks.,https://example.com/demo-07-04,2026-06-12T03:00:00+00:00,2026-07-07T00:00:00+00:00,en,BA;MMM,3M;Boeing,Industrials,infrastructure demand,-0.377,0.148,0.327,0.525,14.8,52.5,55.6,0.0,0.0,0.0,-0.377,76.5,geopolitical risk,export uncertainty weighed on industrial sentiment.,0.525,1.000,0.000251,0.000251,False,1.0
demo-07-05,Demo Market Wire,Boeing supply chain update 5 shapes Industrials sentiment,order backlogs remained healthy across machinery names. Investors linked the move to supply chain.,Boeing and Caterpillar were mentioned in demo coverage of Industrials. order backlogs remained healthy across machinery names. Analysts said earnings risk should be monitored over the next few weeks.,https://example.com/demo-07-05,2026-06-11T00:00:00+00:00,2026-07-07T00:00:00+00:00,en,BA;CAT,Boeing;Caterpillar,Industrials,supply chain,0.116,0.390,0.336,0.274,39.0,27.4,59.8,0.0,0.0,0.0,0.116,48.4,earnings risk,Analysts said earnings risk should be monitored over the next few weeks.,0.390,1.000,0.000172,0.000172,False,1.0
demo-07-06,Demo Finance Daily,Caterpillar earnings risk update 6 shapes Industrials sentiment,delivery delays continued to pressure execution. Investors linked the move to earnings risk.,Caterpillar and GE were mentioned in demo coverage of Industrials. delivery delays continued to pressure execution. Analysts said demand risk should be monitored over the next few weeks.,https://example.com/demo-07-06,2026-06-08T21:00:00+00:00,2026-07-07T00:00:00+00:00,en,CAT;GE,Caterpillar;GE,Industrials,earnings risk,-0.572,0.116,0.195,0.688,11.6,68.8,41.8,0.0,0.0,0.0,-0.572,67.0,earnings risk,delivery delays continued to pressure execution.,0.688,1.000,0.000085,0.000085,False,1.0
demo-07-07,Demo Sector Brief,GE capital spending update 7 shapes Industrials sentiment,infrastructure demand supported medium-term guidance. Investors linked the move to capital spending.,GE and 3M were mentioned in demo coverage of Industrials. infrastructure demand supported medium-term guidance. Analysts said macro risk should be monitored over the next few weeks.,https://example.com/demo-07-07,2026-07-06T18:00:00+00:00,2026-07-07T00:00:00+00:00,en,GE;MMM,3M;GE,Industrials,infrastructure demand,0.116,0.390,0.336,0.274,39.0,27.4,59.8,0.0,0.0,0.0,0.116,63.4,macro risk,Analysts said macro risk should be monitored over the next few weeks.,0.390,1.000,0.920044,0.920044,False,1.0
demo-07-08,Demo Analyst Note,3M infrastructure demand update 8 shapes Industrials sentiment,export uncertainty weighed on industrial sentiment. Investors linked the move to infrastructure demand.,3M and Boeing were mentioned in demo coverage of Industrials. export uncertainty weighed on industrial sentiment. Analysts said geopolitical risk should be monitored over the next few weeks.,https://example.com/demo-07-08,2026-07-04T15:00:00+00:00,2026-07-07T00:00:00+00:00,en,BA;MMM,3M;Boeing,Industrials,infrastructure demand,-0.377,0.148,0.327,0.525,14.8,52.5,55.6,0.0,0.0,0.0,-0.377,76.5,geopolitical risk,export uncertainty weighed on industrial sentiment.,0.525,1.000,0.453089,0.453089,False,1.0
demo-07-09,Demo Macro Watch,Boeing supply chain update 9 shapes Industrials sentiment,order backlogs remained healthy across machinery names. Investors linked the move to supply chain.,Boeing and Caterpillar were mentioned in demo coverage of Industrials. order backlogs remained healthy across machinery names. Analysts said earnings risk should be monitored over the next few weeks.,https://example.com/demo-07-09,2026-07-02T12:00:00+00:00,2026-07-07T00:00:00+00:00,en,BA;CAT,Boeing;Caterpillar,Industrials,supply chain,0.116,0.390,0.336,0.274,39.0,27.4,59.8,0.0,0.0,0.0,0.116,48.4,earnings risk,Analysts said earnings risk should be monitored over the next few weeks.,0.390,1.000,0.223130,0.223130,False,1.0
demo-07-10,Demo Market Wire,Caterpillar earnings risk update 10 shapes Industrials sentiment,delivery delays continued to pressure execution. Investors linked the move to earnings risk.,Caterpillar and GE were mentioned in demo coverage of Industrials. delivery delays continued to pressure execution. Analysts said demand risk should be monitored over the next few weeks.,https://example.com/demo-07-10,2026-06-30T09:00:00+00:00,2026-07-07T00:00:00+00:00,en,CAT;GE,Caterpillar;GE,Industrials,earnings risk,-0.572,0.116,0.195,0.688,11.6,68.8,41.8,0.0,0.0,0.0,-0.572,67.0,earnings risk,delivery delays continued to pressure execution.,0.688,1.000,0.109884,0.109884,False,1.0
demo-07-11,Demo Finance Daily,GE capital spending update 11 shapes Industrials sentiment,infrastructure demand supported medium-term guidance. Investors linked the move to capital spending.,GE and 3M were mentioned in demo coverage of Industrials. infrastructure demand supported medium-term guidance. Analysts said macro risk should be monitored over the next few weeks.,https://example.com/demo-07-01,2026-06-28T06:00:00+00:00,2026-07-07T00:00:00+00:00,en,GE;MMM,3M;GE,Industrials,infrastructure demand,0.116,0.390,0.336,0.274,39.0,27.4,59.8,0.0,0.0,0.0,0.116,63.4,macro risk,Analysts said macro risk should be monitored over the next few weeks.,0.390,1.000,0.054114,0.016234,True,0.3
demo-07-12,Demo Sector Brief,Boeing supply chain update 1 reshapes Industrials sentiment,export uncertainty weighed on industrial sentiment. Investors linked the move to infrastructure demand.,3M and Boeing were mentioned in demo coverage of Industrials. export uncertainty weighed on industrial sentiment. Analysts said geopolitical risk should be monitored over the next few weeks.,https://example.com/demo-07-12,2026-06-26T03:00:00+00:00,2026-07-07T00:00:00+00:00,en,BA;MMM,3M;Boeing,Industrials,supply chain,-0.377,0.148,0.327,0.525,14.8,52.5,55.6,0.0,0.0,0.0,-0.377,76.5,geopolitical risk,export uncertainty weighed on industrial sentiment.,0.525,1.000,0.026649,0.018654,True,0.7
demo-08-01,Demo Sector Brief,ExxonMobil oil price movement update 1 shapes Energy sentiment,higher crude prices improved cash flow expectations. Investors linked the move to oil price movement.,ExxonMobil and Chevron were mentioned in demo coverage of Energy. higher crude prices improved cash flow expectations. Analysts said commodity risk should be monitored over the next few weeks.,https://example.com/demo-08-01,2026-06-15T10:00:00+00:00,2026-07-07T00:00:00+00:00,en,CVX;XOM,Chevron;ExxonMobil,Energy,oil price movement,0.116,0.390,0.336,0.274,39.0,27.4,59.8,0.0,0.0,0.0,0.116,48.4,commodity risk,higher crude prices improved cash flow expectations.,0.390,1.000,0.000751,0.000751,False,1.0
demo-08-02,Demo Analyst Note,Chevron commodity shock update 2 shapes Energy sentiment,oil price volatility increased uncertainty for margins. Investors linked the move to commodity shock.,Chevron and ConocoPhillips were mentioned in demo coverage of Energy. oil price volatility increased uncertainty for margins. Analysts said geopolitical risk should be monitored over the next few weeks.,https://example.com/demo-08-02,2026-06-13T07:00:00+00:00,2026-07-07T00:00:00+00:00,en,COP;CVX,Chevron;ConocoPhillips,Energy,oil price movement,-0.188,0.187,0.437,0.376,18.7,37.6,64.2,0.0,0.0,0.0,-0.188,56.0,commodity risk,oil price volatility increased uncertainty for margins.,0.437,1.000,0.000370,0.000370,False,1.0
demo-08-03,Demo Macro Watch,ConocoPhillips cash flow update 3 shapes Energy sentiment,capital discipline remained supportive for shareholders. Investors linked the move to cash flow.,ConocoPhillips and ExxonMobil were mentioned in demo coverage of Energy. capital discipline remained supportive for shareholders. Analysts said earnings risk should be monitored over the next few weeks.,https://example.com/demo-08-03,2026-06-11T04:00:00+00:00,2026-07-07T00:00:00+00:00,en,COP;XOM,ConocoPhillips;ExxonMobil,Energy,cash flow,0.116,0.390,0.336,0.274,39.0,27.4,59.8,0.0,0.0,0.0,0.116,48.4,earnings risk,Analysts said earnings risk should be monitored over the next few weeks.,0.390,1.000,0.000182,0.000182,False,1.0
demo-08-04,Demo Market Wire,ExxonMobil geopolitical risk update 4 shapes Energy sentiment,geopolitical supply concerns lifted risk premiums. Investors linked the move to geopolitical risk.,ExxonMobil and Chevron were mentioned in demo coverage of Energy. geopolitical supply concerns lifted risk premiums. Analysts said demand risk should be monitored over the next few weeks.,https://example.com/demo-08-04,2026-06-09T01:00:00+00:00,2026-07-07T00:00:00+00:00,en,CVX;XOM,Chevron;ExxonMobil,Energy,geopolitical risk,-0.471,0.166,0.197,0.637,16.6,63.7,44.8,0.0,0.0,0.0,-0.471,78.4,geopolitical risk,geopolitical supply concerns lifted risk premiums.,0.637,1.000,0.000090,0.000090,False,1.0
demo-08-05,Demo Finance Daily,Chevron oil price movement update 5 shapes Energy sentiment,higher crude prices improved cash flow expectations. Investors linked the move to oil price movement.,Chevron and ConocoPhillips were mentioned in demo coverage of Energy. higher crude prices improved cash flow expectations. Analysts said commodity risk should be monitored over the next few weeks.,https://example.com/demo-08-05,2026-06-07T22:00:00+00:00,2026-07-07T00:00:00+00:00,en,COP;CVX,Chevron;ConocoPhillips,Energy,oil price movement,0.116,0.390,0.336,0.274,39.0,27.4,59.8,0.0,0.0,0.0,0.116,48.4,commodity risk,higher crude prices improved cash flow expectations.,0.390,1.000,0.000062,0.000062,False,1.0
demo-08-06,Demo Sector Brief,ConocoPhillips commodity shock update 6 shapes Energy sentiment,oil price volatility increased uncertainty for margins. Investors linked the move to commodity shock.,ConocoPhillips and ExxonMobil were mentioned in demo coverage of Energy. oil price volatility increased uncertainty for margins. Analysts said geopolitical risk should be monitored over the next few weeks.,https://example.com/demo-08-06,2026-07-05T19:00:00+00:00,2026-07-07T00:00:00+00:00,en,COP;XOM,ConocoPhillips;ExxonMobil,Energy,oil price movement,-0.188,0.187,0.437,0.376,18.7,37.6,64.2,0.0,0.0,0.0,-0.188,56.0,commodity risk,oil price volatility increased uncertainty for margins.,0.437,1.000,0.668461,0.668461,False,1.0
demo-08-07,Demo Analyst Note,ExxonMobil cash flow update 7 shapes Energy sentiment,capital discipline remained supportive for shareholders. Investors linked the move to cash flow.,ExxonMobil and Chevron were mentioned in demo coverage of Energy. capital discipline remained supportive for shareholders. Analysts said earnings risk should be monitored over the next few weeks.,https://example.com/demo-08-07,2026-07-03T16:00:00+00:00,2026-07-07T00:00:00+00:00,en,CVX;XOM,Chevron;ExxonMobil,Energy,cash flow,0.116,0.390,0.336,0.274,39.0,27.4,59.8,0.0,0.0,0.0,0.116,48.4,earnings risk,Analysts said earnings risk should be monitored over the next few weeks.,0.390,1.000,0.329193,0.329193,False,1.0
demo-08-08,Demo Macro Watch,Chevron geopolitical risk update 8 shapes Energy sentiment,geopolitical supply concerns lifted risk premiums. Investors linked the move to geopolitical risk.,Chevron and ConocoPhillips were mentioned in demo coverage of Energy. geopolitical supply concerns lifted risk premiums. Analysts said demand risk should be monitored over the next few weeks.,https://example.com/demo-08-08,2026-07-01T13:00:00+00:00,2026-07-07T00:00:00+00:00,en,COP;CVX,Chevron;ConocoPhillips,Energy,geopolitical risk,-0.471,0.166,0.197,0.637,16.6,63.7,44.8,0.0,0.0,0.0,-0.471,78.4,geopolitical risk,geopolitical supply concerns lifted risk premiums.,0.637,1.000,0.162116,0.162116,False,1.0
demo-08-09,Demo Market Wire,ConocoPhillips oil price movement update 9 shapes Energy sentiment,higher crude prices improved cash flow expectations. Investors linked the move to oil price movement.,ConocoPhillips and ExxonMobil were mentioned in demo coverage of Energy. higher crude prices improved cash flow expectations. Analysts said commodity risk should be monitored over the next few weeks.,https://example.com/demo-08-09,2026-06-29T10:00:00+00:00,2026-07-07T00:00:00+00:00,en,COP;XOM,ConocoPhillips;ExxonMobil,Energy,oil price movement,0.116,0.390,0.336,0.274,39.0,27.4,59.8,0.0,0.0,0.0,0.116,48.4,commodity risk,higher crude prices improved cash flow expectations.,0.390,1.000,0.079836,0.079836,False,1.0
demo-08-10,Demo Finance Daily,ExxonMobil commodity shock update 10 shapes Energy sentiment,oil price volatility increased uncertainty for margins. Investors linked the move to commodity shock.,ExxonMobil and Chevron were mentioned in demo coverage of Energy. oil price volatility increased uncertainty for margins. Analysts said geopolitical risk should be monitored over the next few weeks.,https://example.com/demo-08-10,2026-06-27T07:00:00+00:00,2026-07-07T00:00:00+00:00,en,CVX;XOM,Chevron;ExxonMobil,Energy,oil price movement,-0.188,0.187,0.437,0.376,18.7,37.6,64.2,0.0,0.0,0.0,-0.188,56.0,commodity risk,oil price volatility increased uncertainty for margins.,0.437,1.000,0.039316,0.039316,False,1.0
demo-08-11,Demo Sector Brief,Chevron cash flow update 11 shapes Energy sentiment,capital discipline remained supportive for shareholders. Investors linked the move to cash flow.,Chevron and ConocoPhillips were mentioned in demo coverage of Energy. capital discipline remained supportive for shareholders. Analysts said earnings risk should be monitored over the next few weeks.,https://example.com/demo-08-01,2026-06-25T04:00:00+00:00,2026-07-07T00:00:00+00:00,en,COP;CVX,Chevron;ConocoPhillips,Energy,cash flow,0.116,0.390,0.336,0.274,39.0,27.4,59.8,0.0,0.0,0.0,0.116,48.4,earnings risk,Analysts said earnings risk should be monitored over the next few weeks.,0.390,1.000,0.019362,0.005809,True,0.3
demo-08-12,Demo Analyst Note,ExxonMobil oil price movement update 1 reshapes Energy sentiment,geopolitical supply concerns lifted risk premiums. Investors linked the move to geopolitical risk.,ConocoPhillips and ExxonMobil were mentioned in demo coverage of Energy. geopolitical supply concerns lifted risk premiums. Analysts said demand risk should be monitored over the next few weeks.,https://example.com/demo-08-12,2026-06-23T01:00:00+00:00,2026-07-07T00:00:00+00:00,en,COP;XOM,ConocoPhillips;ExxonMobil,Energy,geopolitical risk,-0.372,0.203,0.221,0.575,20.3,57.5,48.8,0.0,0.0,0.0,-0.372,75.3,geopolitical risk,geopolitical supply concerns lifted risk premiums.,0.575,1.000,0.009535,0.006675,True,0.7
demo-09-01,Demo Analyst Note,NextEra Energy interest rate uncertainty update 1 shapes Utilities sentiment,lower yield expectations supported dividend sectors. Investors linked the move to interest rate uncertainty.,NextEra Energy and Duke Energy were mentioned in demo coverage of Utilities. lower yield expectations supported dividend sectors. Analysts said interest rate risk should be monitored over the next few weeks.,https://example.com/demo-09-01,2026-06-12T08:00:00+00:00,2026-07-07T00:00:00+00:00,en,DUK;NEE,Duke Energy;NextEra Energy,Utilities,interest rate uncertainty,-0.031,0.296,0.376,0.327,29.6,32.7,62.4,0.0,0.0,0.0,-0.031,49.9,interest rate risk,lower yield expectations supported dividend sectors.,0.376,1.000,0.000269,0.000269,False,1.0
demo-09-02,Demo Macro Watch,Duke Energy defensive demand update 2 shapes Utilities sentiment,rate case uncertainty remained a regulatory overhang. Investors linked the move to defensive demand.,Duke Energy and Southern Company were mentioned in demo coverage of Utilities. rate case uncertainty remained a regulatory overhang. Analysts said regulatory risk should be monitored over the next few weeks.,https://example.com/demo-09-02,2026-06-10T05:00:00+00:00,2026-07-07T00:00:00+00:00,en,DUK;SO,Duke Energy;Southern Company,Utilities,regulatory risk,-0.377,0.148,0.327,0.525,14.8,52.5,55.6,0.0,0.0,0.0,-0.377,76.5,regulatory risk,rate case uncertainty remained a regulatory overhang.,0.525,1.000,0.000132,0.000132,False,1.0
demo-09-03,Demo Market Wire,Southern Company renewable investment update 3 shapes Utilities sentiment,renewable investment plans supported long-term growth. Investors linked the move to renewable investment.,Southern Company and NextEra Energy were mentioned in demo coverage of Utilities. renewable investment plans supported long-term growth. Analysts said liquidity risk should be monitored over the next few weeks.,https://example.com/demo-09-03,2026-06-08T02:00:00+00:00,2026-07-07T00:00:00+00:00,en,NEE;SO,NextEra Energy;Southern Company,Utilities,renewable investment,0.350,0.554,0.243,0.203,55.4,20.3,50.8,0.0,0.0,0.0,0.350,77.4,liquidity risk,Analysts said liquidity risk should be monitored over the next few weeks.,0.554,1.000,0.000065,0.000065,False,1.0
demo-09-04,Demo Finance Daily,NextEra Energy dividend yield update 4 shapes Utilities sentiment,financing costs remained a watch point. Investors linked the move to dividend yield.,NextEra Energy and Duke Energy were mentioned in demo coverage of Utilities. financing costs remained a watch point. Analysts said macro risk should be monitored over the next few weeks.,https://example.com/demo-09-04,2026-07-06T23:00:00+00:00,2026-07-07T00:00:00+00:00,en,DUK;NEE,Duke Energy;NextEra Energy,Utilities,interest rate uncertainty,-0.068,0.231,0.470,0.299,23.1,29.9,66.6,0.0,0.0,0.0,-0.068,52.1,interest rate risk,financing costs remained a watch point.,0.470,1.000,0.986207,0.986207,False,1.0
demo-09-05,Demo Sector Brief,Duke Energy interest rate uncertainty update 5 shapes Utilities sentiment,lower yield expectations supported dividend sectors. Investors linked the move to interest rate uncertainty.,Duke Energy and Southern Company were mentioned in demo coverage of Utilities. lower yield expectations supported dividend sectors. Analysts said interest rate risk should be monitored over the next few weeks.,https://example.com/demo-09-05,2026-07-04T20:00:00+00:00,2026-07-07T00:00:00+00:00,en,DUK;SO,Duke Energy;Southern Company,Utilities,interest rate uncertainty,-0.031,0.296,0.376,0.327,29.6,32.7,62.4,0.0,0.0,0.0,-0.031,49.9,interest rate risk,lower yield expectations supported dividend sectors.,0.376,1.000,0.485672,0.485672,False,1.0
demo-09-06,Demo Analyst Note,Southern Company defensive demand update 6 shapes Utilities sentiment,rate case uncertainty remained a regulatory overhang. Investors linked the move to defensive demand.,Southern Company and NextEra Energy were mentioned in demo coverage of Utilities. rate case uncertainty remained a regulatory overhang. Analysts said regulatory risk should be monitored over the next few weeks.,https://example.com/demo-09-06,2026-07-02T17:00:00+00:00,2026-07-07T00:00:00+00:00,en,NEE;SO,NextEra Energy;Southern Company,Utilities,regulatory risk,-0.377,0.148,0.327,0.525,14.8,52.5,55.6,0.0,0.0,0.0,-0.377,76.5,regulatory risk,rate case uncertainty remained a regulatory overhang.,0.525,1.000,0.239176,0.239176,False,1.0
demo-09-07,Demo Macro Watch,NextEra Energy renewable investment update 7 shapes Utilities sentiment,renewable investment plans supported long-term growth. Investors linked the move to renewable investment.,NextEra Energy and Duke Energy were mentioned in demo coverage of Utilities. renewable investment plans supported long-term growth. Analysts said liquidity risk should be monitored over the next few weeks.,https://example.com/demo-09-07,2026-06-30T14:00:00+00:00,2026-07-07T00:00:00+00:00,en,DUK;NEE,Duke Energy;NextEra Energy,Utilities,renewable investment,0.350,0.554,0.243,0.203,55.4,20.3,50.8,0.0,0.0,0.0,0.350,77.4,liquidity risk,Analysts said liquidity risk should be monitored over the next few weeks.,0.554,1.000,0.117786,0.117786,False,1.0
demo-09-08,Demo Market Wire,Duke Energy dividend yield update 8 shapes Utilities sentiment,financing costs remained a watch point. Investors linked the move to dividend yield.,Duke Energy and Southern Company were mentioned in demo coverage of Utilities. financing costs remained a watch point. Analysts said macro risk should be monitored over the next few weeks.,https://example.com/demo-09-08,2026-06-28T11:00:00+00:00,2026-07-07T00:00:00+00:00,en,DUK;SO,Duke Energy;Southern Company,Utilities,interest rate uncertainty,-0.068,0.231,0.470,0.299,23.1,29.9,66.6,0.0,0.0,0.0,-0.068,52.1,interest rate risk,financing costs remained a watch point.,0.470,1.000,0.058005,0.058005,False,1.0
demo-09-09,Demo Finance Daily,Southern Company interest rate uncertainty update 9 shapes Utilities sentiment,lower yield expectations supported dividend sectors. Investors linked the move to interest rate uncertainty.,Southern Company and NextEra Energy were mentioned in demo coverage of Utilities. lower yield expectations supported dividend sectors. Analysts said interest rate risk should be monitored over the next few weeks.,https://example.com/demo-09-09,2026-06-26T08:00:00+00:00,2026-07-07T00:00:00+00:00,en,NEE;SO,NextEra Energy;Southern Company,Utilities,interest rate uncertainty,-0.031,0.296,0.376,0.327,29.6,32.7,62.4,0.0,0.0,0.0,-0.031,49.9,interest rate risk,lower yield expectations supported dividend sectors.,0.376,1.000,0.028566,0.028566,False,1.0
demo-09-10,Demo Sector Brief,NextEra Energy defensive demand update 10 shapes Utilities sentiment,rate case uncertainty remained a regulatory overhang. Investors linked the move to defensive demand.,NextEra Energy and Duke Energy were mentioned in demo coverage of Utilities. rate case uncertainty remained a regulatory overhang. Analysts said regulatory risk should be monitored over the next few weeks.,https://example.com/demo-09-10,2026-06-24T05:00:00+00:00,2026-07-07T00:00:00+00:00,en,DUK;NEE,Duke Energy;NextEra Energy,Utilities,regulatory risk,-0.377,0.148,0.327,0.525,14.8,52.5,55.6,0.0,0.0,0.0,-0.377,76.5,regulatory risk,rate case uncertainty remained a regulatory overhang.,0.525,1.000,0.014067,0.014067,False,1.0
demo-09-11,Demo Analyst Note,Duke Energy renewable investment update 11 shapes Utilities sentiment,renewable investment plans supported long-term growth. Investors linked the move to renewable investment.,Duke Energy and Southern Company were mentioned in demo coverage of Utilities. renewable investment plans supported long-term growth. Analysts said liquidity risk should be monitored over the next few weeks.,https://example.com/demo-09-01,2026-06-22T02:00:00+00:00,2026-07-07T00:00:00+00:00,en,DUK;SO,Duke Energy;Southern Company,Utilities,renewable investment,0.350,0.554,0.243,0.203,55.4,20.3,50.8,0.0,0.0,0.0,0.350,77.4,liquidity risk,Analysts said liquidity risk should be monitored over the next few weeks.,0.554,1.000,0.006928,0.002078,True,0.3
demo-09-12,Demo Macro Watch,NextEra Energy interest rate uncertainty update 1 reshapes Utilities sentiment,financing costs remained a watch point. Investors linked the move to dividend yield.,Southern Company and NextEra Energy were mentioned in demo coverage of Utilities. financing costs remained a watch point. Analysts said macro risk should be monitored over the next few weeks.,https://example.com/demo-09-12,2026-06-20T23:00:00+00:00,2026-07-07T00:00:00+00:00,en,NEE;SO,NextEra Energy;Southern Company,Utilities,interest rate uncertainty,-0.118,0.198,0.486,0.316,19.8,31.6,66.8,0.0,0.0,0.0,-0.118,54.0,interest rate risk,financing costs remained a watch point.,0.486,1.000,0.004761,0.003333,True,0.7
demo-10-01,Demo Macro Watch,Prologis housing market update 1 shapes Real Estate sentiment,warehouse demand remained healthier than retail traffic. Investors linked the move to housing market.,Prologis and Simon Property were mentioned in demo coverage of Real Estate. warehouse demand remained healthier than retail traffic. Analysts said liquidity risk should be monitored over the next few weeks.,https://example.com/demo-10-01,2026-06-09T06:00:00+00:00,2026-07-07T00:00:00+00:00,en,PLD;SPG,Prologis;Simon Property,Real Estate,housing market,-0.076,0.255,0.413,0.332,25.5,33.2,64.1,0.0,0.0,0.0,-0.076,81.8,liquidity risk,Analysts said liquidity risk should be monitored over the next few weeks.,0.413,1.000,0.000096,0.000096,False,1.0
demo-10-02,Demo Market Wire,Simon Property refinancing risk update 2 shapes Real Estate sentiment,refinancing costs pressured REIT valuations. Investors linked the move to refinancing risk.,Simon Property and Realty Income were mentioned in demo coverage of Real Estate. refinancing costs pressured REIT valuations. Analysts said interest rate risk should be monitored over the next few weeks.,https://example.com/demo-10-02,2026-06-07T03:00:00+00:00,2026-07-07T00:00:00+00:00,en,O;SPG,Realty Income;Simon Property,Real Estate,interest rate uncertainty,-0.427,0.157,0.259,0.584,15.7,58.4,50.3,0.0,0.0,0.0,-0.427,62.5,interest rate risk,refinancing costs pressured REIT valuations.,0.584,1.000,0.000047,0.000047,False,1.0
demo-10-03,Demo Finance Daily,Realty Income tenant demand update 3 shapes Real Estate sentiment,leasing activity showed signs of stabilization. Investors linked the move to tenant demand.,Realty Income and Prologis were mentioned in demo coverage of Real Estate. leasing activity showed signs of stabilization. Analysts said demand risk should be monitored over the next few weeks.,https://example.com/demo-10-03,2026-07-06T00:00:00+00:00,2026-07-07T00:00:00+00:00,en,O;PLD,Prologis;Realty Income,Real Estate,tenant demand,-0.076,0.255,0.413,0.332,25.5,33.2,64.1,0.0,0.0,0.0,-0.076,51.8,demand risk,Analysts said demand risk should be monitored over the next few weeks.,0.413,1.000,0.716531,0.716531,False,1.0
demo-10-04,Demo Sector Brief,Prologis interest rate uncertainty update 4 shapes Real Estate sentiment,higher cap rates weighed on property values. Investors linked the move to interest rate uncertainty.,Prologis and Simon Property were mentioned in demo coverage of Real Estate. higher cap rates weighed on property values. Analysts said valuation risk should be monitored over the next few weeks.,https://example.com/demo-10-04,2026-07-03T21:00:00+00:00,2026-07-07T00:00:00+00:00,en,PLD;SPG,Prologis;Simon Property,Real Estate,interest rate uncertainty,-0.360,0.148,0.344,0.508,14.8,50.8,56.8,0.0,0.0,0.0,-0.360,46.0,valuation risk,higher cap rates weighed on property values.,0.508,1.000,0.352866,0.352866,False,1.0
demo-10-05,Demo Analyst Note,Simon Property housing market update 5 shapes Real Estate sentiment,warehouse demand remained healthier than retail traffic. Investors linked the move to housing market.,Simon Property and Realty Income were mentioned in demo coverage of Real Estate. warehouse demand remained healthier than retail traffic. Analysts said liquidity risk should be monitored over the next few weeks.,https://example.com/demo-10-05,2026-07-01T18:00:00+00:00,2026-07-07T00:00:00+00:00,en,O;SPG,Realty Income;Simon Property,Real Estate,housing market,-0.076,0.255,0.413,0.332,25.5,33.2,64.1,0.0,0.0,0.0,-0.076,81.8,liquidity risk,Analysts said liquidity risk should be monitored over the next few weeks.,0.413,1.000,0.173774,0.173774,False,1.0
demo-10-06,Demo Macro Watch,Realty Income refinancing risk update 6 shapes Real Estate sentiment,refinancing costs pressured REIT valuations. Investors linked the move to refinancing risk.,Realty Income and Prologis were mentioned in demo coverage of Real Estate. refinancing costs pressured REIT valuations. Analysts said interest rate risk should be monitored over the next few weeks.,https://example.com/demo-10-06,2026-06-29T15:00:00+00:00,2026-07-07T00:00:00+00:00,en,O;PLD,Prologis;Realty Income,Real Estate,interest rate uncertainty,-0.427,0.157,0.259,0.584,15.7,58.4,50.3,0.0,0.0,0.0,-0.427,62.5,interest rate risk,refinancing costs pressured REIT valuations.,0.584,1.000,0.085577,0.085577,False,1.0
demo-10-07,Demo Market Wire,Prologis tenant demand update 7 shapes Real Estate sentiment,leasing activity showed signs of stabilization. Investors linked the move to tenant demand.,Prologis and Simon Property were mentioned in demo coverage of Real Estate. leasing activity showed signs of stabilization. Analysts said demand risk should be monitored over the next few weeks.,https://example.com/demo-10-07,2026-06-27T12:00:00+00:00,2026-07-07T00:00:00+00:00,en,PLD;SPG,Prologis;Simon Property,Real Estate,tenant demand,-0.076,0.255,0.413,0.332,25.5,33.2,64.1,0.0,0.0,0.0,-0.076,51.8,demand risk,Analysts said demand risk should be monitored over the next few weeks.,0.413,1.000,0.042144,0.042144,False,1.0
demo-10-08,Demo Finance Daily,Simon Property interest rate uncertainty update 8 shapes Real Estate sentiment,higher cap rates weighed on property values. Investors linked the move to interest rate uncertainty.,Simon Property and Realty Income were mentioned in demo coverage of Real Estate. higher cap rates weighed on property values. Analysts said valuation risk should be monitored over the next few weeks.,https://example.com/demo-10-08,2026-06-25T09:00:00+00:00,2026-07-07T00:00:00+00:00,en,O;SPG,Realty Income;Simon Property,Real Estate,interest rate uncertainty,-0.360,0.148,0.344,0.508,14.8,50.8,56.8,0.0,0.0,0.0,-0.360,46.0,valuation risk,higher cap rates weighed on property values.,0.508,1.000,0.020754,0.020754,False,1.0
demo-10-09,Demo Sector Brief,Realty Income housing market update 9 shapes Real Estate sentiment,warehouse demand remained healthier than retail traffic. Investors linked the move to housing market.,Realty Income and Prologis were mentioned in demo coverage of Real Estate. warehouse demand remained healthier than retail traffic. Analysts said liquidity risk should be monitored over the next few weeks.,https://example.com/demo-10-09,2026-06-23T06:00:00+00:00,2026-07-07T00:00:00+00:00,en,O;PLD,Prologis;Realty Income,Real Estate,housing market,-0.076,0.255,0.413,0.332,25.5,33.2,64.1,0.0,0.0,0.0,-0.076,81.8,liquidity risk,Analysts said liquidity risk should be monitored over the next few weeks.,0.413,1.000,0.010221,0.010221,False,1.0
demo-10-10,Demo Analyst Note,Prologis refinancing risk update 10 shapes Real Estate sentiment,refinancing costs pressured REIT valuations. Investors linked the move to refinancing risk.,Prologis and Simon Property were mentioned in demo coverage of Real Estate. refinancing costs pressured REIT valuations. Analysts said interest rate risk should be monitored over the next few weeks.,https://example.com/demo-10-10,2026-06-21T03:00:00+00:00,2026-07-07T00:00:00+00:00,en,PLD;SPG,Prologis;Simon Property,Real Estate,interest rate uncertainty,-0.427,0.157,0.259,0.584,15.7,58.4,50.3,0.0,0.0,0.0,-0.427,62.5,interest rate risk,refinancing costs pressured REIT valuations.,0.584,1.000,0.005033,0.005033,False,1.0
demo-10-11,Demo Macro Watch,Simon Property tenant demand update 11 shapes Real Estate sentiment,leasing activity showed signs of stabilization. Investors linked the move to tenant demand.,Simon Property and Realty Income were mentioned in demo coverage of Real Estate. leasing activity showed signs of stabilization. Analysts said demand risk should be monitored over the next few weeks.,https://example.com/demo-10-01,2026-06-20T00:00:00+00:00,2026-07-07T00:00:00+00:00,en,O;SPG,Realty Income;Simon Property,Real Estate,tenant demand,-0.076,0.255,0.413,0.332,25.5,33.2,64.1,0.0,0.0,0.0,-0.076,51.8,demand risk,Analysts said demand risk should be monitored over the next few weeks.,0.413,1.000,0.003459,0.001038,True,0.3
demo-10-12,Demo Market Wire,Prologis housing market update 1 reshapes Real Estate sentiment,higher cap rates weighed on property values. Investors linked the move to interest rate uncertainty.,Realty Income and Prologis were mentioned in demo coverage of Real Estate. higher cap rates weighed on property values. Analysts said valuation risk should be monitored over the next few weeks.,https://example.com/demo-10-12,2026-06-17T21:00:00+00:00,2026-07-07T00:00:00+00:00,en,O;PLD,Prologis;Realty Income,Real Estate,housing market,-0.298,0.177,0.349,0.474,17.7,47.4,58.3,0.0,0.0,0.0,-0.298,43.9,valuation risk,higher cap rates weighed on property values.,0.474,1.000,0.001704,0.001193,True,0.7
demo-11-01,Demo Market Wire,BHP commodity shock update 1 shapes Materials sentiment,copper demand expectations improved with grid investment. Investors linked the move to commodity shock.,BHP and Freeport-McMoRan were mentioned in demo coverage of Materials. copper demand expectations improved with grid investment. Analysts said commodity risk should be monitored over the next few weeks.,https://example.com/demo-11-01,2026-07-06T04:00:00+00:00,2026-07-07T00:00:00+00:00,en,BHP;FCX,BHP;Freeport-McMoRan,Materials,commodity shock,0.116,0.390,0.336,0.274,39.0,27.4,59.8,0.0,0.0,0.0,0.116,48.4,commodity risk,copper demand expectations improved with grid investment.,0.390,1.000,0.757465,0.757465,False,1.0
demo-11-02,Demo Finance Daily,Freeport-McMoRan industrial demand update 2 shapes Materials sentiment,chemical margins faced pressure from weak demand. Investors linked the move to industrial demand.,Freeport-McMoRan and Dow were mentioned in demo coverage of Materials. chemical margins faced pressure from weak demand. Analysts said demand risk should be monitored over the next few weeks.,https://example.com/demo-11-02,2026-07-04T01:00:00+00:00,2026-07-07T00:00:00+00:00,en,DOW;FCX,Dow;Freeport-McMoRan,Materials,industrial demand,-0.463,0.147,0.243,0.610,14.7,61.0,48.3,0.0,0.0,0.0,-0.463,63.6,demand risk,chemical margins faced pressure from weak demand.,0.610,1.000,0.373025,0.373025,False,1.0
demo-11-03,Demo Sector Brief,Dow copper prices update 3 shapes Materials sentiment,iron ore pricing supported mining cash flows. Investors linked the move to copper prices.,Dow and BHP were mentioned in demo coverage of Materials. iron ore pricing supported mining cash flows. Analysts said macro risk should be monitored over the next few weeks.,https://example.com/demo-11-03,2026-07-02T22:00:00+00:00,2026-07-07T00:00:00+00:00,en,BHP;DOW,BHP;Dow,Materials,commodity shock,0.116,0.390,0.336,0.274,39.0,27.4,59.8,0.0,0.0,0.0,0.116,48.4,commodity risk,iron ore pricing supported mining cash flows.,0.390,1.000,0.256376,0.256376,False,1.0
demo-11-04,Demo Analyst Note,BHP earnings risk update 4 shapes Materials sentiment,commodity swings increased earnings uncertainty. Investors linked the move to earnings risk.,BHP and Freeport-McMoRan were mentioned in demo coverage of Materials. commodity swings increased earnings uncertainty. Analysts said earnings risk should be monitored over the next few weeks.,https://example.com/demo-11-04,2026-06-30T19:00:00+00:00,2026-07-07T00:00:00+00:00,en,BHP;FCX,BHP;Freeport-McMoRan,Materials,earnings risk,-0.360,0.148,0.344,0.508,14.8,50.8,56.8,0.0,0.0,0.0,-0.360,61.0,earnings risk,Investors linked the move to earnings risk.,0.508,1.000,0.126256,0.126256,False,1.0
demo-11-05,Demo Macro Watch,Freeport-McMoRan commodity shock update 5 shapes Materials sentiment,copper demand expectations improved with grid investment. Investors linked the move to commodity shock.,Freeport-McMoRan and Dow were mentioned in demo coverage of Materials. copper demand expectations improved with grid investment. Analysts said commodity risk should be monitored over the next few weeks.,https://example.com/demo-11-05,2026-06-28T16:00:00+00:00,2026-07-07T00:00:00+00:00,en,DOW;FCX,Dow;Freeport-McMoRan,Materials,commodity shock,0.116,0.390,0.336,0.274,39.0,27.4,59.8,0.0,0.0,0.0,0.116,48.4,commodity risk,copper demand expectations improved with grid investment.,0.390,1.000,0.062177,0.062177,False,1.0
demo-11-06,Demo Market Wire,Dow industrial demand update 6 shapes Materials sentiment,chemical margins faced pressure from weak demand. Investors linked the move to industrial demand.,Dow and BHP were mentioned in demo coverage of Materials. chemical margins faced pressure from weak demand. Analysts said demand risk should be monitored over the next few weeks.,https://example.com/demo-11-06,2026-06-26T13:00:00+00:00,2026-07-07T00:00:00+00:00,en,BHP;DOW,BHP;Dow,Materials,industrial demand,-0.463,0.147,0.243,0.610,14.7,61.0,48.3,0.0,0.0,0.0,-0.463,63.6,demand risk,chemical margins faced pressure from weak demand.,0.610,1.000,0.030620,0.030620,False,1.0
demo-11-07,Demo Finance Daily,BHP copper prices update 7 shapes Materials sentiment,iron ore pricing supported mining cash flows. Investors linked the move to copper prices.,BHP and Freeport-McMoRan were mentioned in demo coverage of Materials. iron ore pricing supported mining cash flows. Analysts said macro risk should be monitored over the next few weeks.,https://example.com/demo-11-07,2026-06-24T10:00:00+00:00,2026-07-07T00:00:00+00:00,en,BHP;FCX,BHP;Freeport-McMoRan,Materials,commodity shock,0.116,0.390,0.336,0.274,39.0,27.4,59.8,0.0,0.0,0.0,0.116,48.4,commodity risk,iron ore pricing supported mining cash flows.,0.390,1.000,0.015079,0.015079,False,1.0
demo-11-08,Demo Sector Brief,Freeport-McMoRan earnings risk update 8 shapes Materials sentiment,commodity swings increased earnings uncertainty. Investors linked the move to earnings risk.,Freeport-McMoRan and Dow were mentioned in demo coverage of Materials. commodity swings increased earnings uncertainty. Analysts said earnings risk should be monitored over the next few weeks.,https://example.com/demo-11-08,2026-06-22T07:00:00+00:00,2026-07-07T00:00:00+00:00,en,DOW;FCX,Dow;Freeport-McMoRan,Materials,earnings risk,-0.360,0.148,0.344,0.508,14.8,50.8,56.8,0.0,0.0,0.0,-0.360,61.0,earnings risk,Investors linked the move to earnings risk.,0.508,1.000,0.007426,0.007426,False,1.0
demo-11-09,Demo Analyst Note,Dow commodity shock update 9 shapes Materials sentiment,copper demand expectations improved with grid investment. Investors linked the move to commodity shock.,Dow and BHP were mentioned in demo coverage of Materials. copper demand expectations improved with grid investment. Analysts said commodity risk should be monitored over the next few weeks.,https://example.com/demo-11-09,2026-06-20T04:00:00+00:00,2026-07-07T00:00:00+00:00,en,BHP;DOW,BHP;Dow,Materials,commodity shock,0.116,0.390,0.336,0.274,39.0,27.4,59.8,0.0,0.0,0.0,0.116,48.4,commodity risk,copper demand expectations improved with grid investment.,0.390,1.000,0.003657,0.003657,False,1.0
demo-11-10,Demo Macro Watch,BHP industrial demand update 10 shapes Materials sentiment,chemical margins faced pressure from weak demand. Investors linked the move to industrial demand.,BHP and Freeport-McMoRan were mentioned in demo coverage of Materials. chemical margins faced pressure from weak demand. Analysts said demand risk should be monitored over the next few weeks.,https://example.com/demo-11-10,2026-06-18T01:00:00+00:00,2026-07-07T00:00:00+00:00,en,BHP;FCX,BHP;Freeport-McMoRan,Materials,industrial demand,-0.463,0.147,0.243,0.610,14.7,61.0,48.3,0.0,0.0,0.0,-0.463,63.6,demand risk,chemical margins faced pressure from weak demand.,0.610,1.000,0.001801,0.001801,False,1.0
demo-11-11,Demo Market Wire,Freeport-McMoRan copper prices update 11 shapes Materials sentiment,iron ore pricing supported mining cash flows. Investors linked the move to copper prices.,Freeport-McMoRan and Dow were mentioned in demo coverage of Materials. iron ore pricing supported mining cash flows. Analysts said macro risk should be monitored over the next few weeks.,https://example.com/demo-11-01,2026-06-16T22:00:00+00:00,2026-07-07T00:00:00+00:00,en,DOW;FCX,Dow;Freeport-McMoRan,Materials,commodity shock,0.116,0.390,0.336,0.274,39.0,27.4,59.8,0.0,0.0,0.0,0.116,48.4,commodity risk,iron ore pricing supported mining cash flows.,0.390,1.000,0.001238,0.000371,True,0.3
demo-11-12,Demo Finance Daily,BHP commodity shock update 1 reshapes Materials sentiment,commodity swings increased earnings uncertainty. Investors linked the move to earnings risk.,Dow and BHP were mentioned in demo coverage of Materials. commodity swings increased earnings uncertainty. Analysts said earnings risk should be monitored over the next few weeks.,https://example.com/demo-11-12,2026-06-14T19:00:00+00:00,2026-07-07T00:00:00+00:00,en,BHP;DOW,BHP;Dow,Materials,earnings risk,-0.270,0.166,0.397,0.437,16.6,43.7,61.2,0.0,0.0,0.0,-0.270,58.4,earnings risk,Investors linked the move to earnings risk.,0.437,1.000,0.000610,0.000427,True,0.7
